image,level
DS001003-1-001001combined_224_pixelbmp,DS
DS001003-2-001001combined_224_pixelbmp,DS
DS001003-3-001001combined_224_pixelbmp,DS
DS001003-4-001001combined_224_pixelbmp,DS
DS001003-5-001001combined_224_pixelbmp,DS
DS001005-1-001001combined_224_pixelbmp,DS
DS001005-2-001001combined_224_pixelbmp,DS
DS001005-3-001001combined_224_pixelbmp,DS
DS001005-4-001001combined_224_pixelbmp,DS
DS001005-5-001001combined_224_pixelbmp,DS
DS001007-1-001001combined_224_pixelbmp,DS
DS001007-2-001001combined_224_pixelbmp,DS
DS001007-3-001001combined_224_pixelbmp,DS
DS001007-4-001001combined_224_pixelbmp,DS
DS001007-5-001001combined_224_pixelbmp,DS
DS001009-1-001001combined_224_pixelbmp,DS
DS001009-2-001001combined_224_pixelbmp,DS
DS001009-3-001001combined_224_pixelbmp,DS
DS001009-4-001001combined_224_pixelbmp,DS
DS001009-5-001001combined_224_pixelbmp,DS
DS001011-1-001001combined_224_pixelbmp,DS
DS001011-2-001001combined_224_pixelbmp,DS
DS001011-3-001001combined_224_pixelbmp,DS
DS001011-4-001001combined_224_pixelbmp,DS
DS001011-5-001001combined_224_pixelbmp,DS
DS001013-1-001001combined_224_pixelbmp,DS
DS001013-2-001001combined_224_pixelbmp,DS
DS001013-3-001001combined_224_pixelbmp,DS
DS001013-4-001001combined_224_pixelbmp,DS
DS001013-5-001001combined_224_pixelbmp,DS
DS001015-1-001001combined_224_pixelbmp,DS
DS001015-2-001001combined_224_pixelbmp,DS
DS001015-3-001001combined_224_pixelbmp,DS
DS001015-4-001001combined_224_pixelbmp,DS
DS001015-5-001001combined_224_pixelbmp,DS
DS001017-1-001001combined_224_pixelbmp,DS
DS001017-2-001001combined_224_pixelbmp,DS
DS001017-3-001001combined_224_pixelbmp,DS
DS001017-4-001001combined_224_pixelbmp,DS
DS001017-5-001001combined_224_pixelbmp,DS
DS001019-1-001001combined_224_pixelbmp,DS
DS001019-2-001001combined_224_pixelbmp,DS
DS001019-3-001001combined_224_pixelbmp,DS
DS001019-4-001001combined_224_pixelbmp,DS
DS001019-5-001001combined_224_pixelbmp,DS
DS001021-1-001001combined_224_pixelbmp,DS
DS001021-2-001001combined_224_pixelbmp,DS
DS001021-3-001001combined_224_pixelbmp,DS
DS001021-4-001001combined_224_pixelbmp,DS
DS001021-5-001001combined_224_pixelbmp,DS
DS001023-1-001001combined_224_pixelbmp,DS
DS001023-2-001001combined_224_pixelbmp,DS
DS001023-3-001001combined_224_pixelbmp,DS
DS001023-4-001001combined_224_pixelbmp,DS
DS001023-5-001001combined_224_pixelbmp,DS
DS002003-1-001001combined_224_pixelbmp,DS
DS002003-2-001001combined_224_pixelbmp,DS
DS002003-3-001001combined_224_pixelbmp,DS
DS002003-4-001001combined_224_pixelbmp,DS
DS002003-5-001001combined_224_pixelbmp,DS
DS002005-1-001001combined_224_pixelbmp,DS
DS002005-2-001001combined_224_pixelbmp,DS
DS002005-3-001001combined_224_pixelbmp,DS
DS002005-4-001001combined_224_pixelbmp,DS
DS002005-5-001001combined_224_pixelbmp,DS
DS002007-1-001001combined_224_pixelbmp,DS
DS002007-2-001001combined_224_pixelbmp,DS
DS002007-3-001001combined_224_pixelbmp,DS
DS002007-4-001001combined_224_pixelbmp,DS
DS002007-5-001001combined_224_pixelbmp,DS
DS002009-1-001001combined_224_pixelbmp,DS
DS002009-2-001001combined_224_pixelbmp,DS
DS002009-3-001001combined_224_pixelbmp,DS
DS002009-4-001001combined_224_pixelbmp,DS
DS002009-5-001001combined_224_pixelbmp,DS
DS002011-1-001001combined_224_pixelbmp,DS
DS002011-2-001001combined_224_pixelbmp,DS
DS002011-3-001001combined_224_pixelbmp,DS
DS002011-4-001001combined_224_pixelbmp,DS
DS002011-5-001001combined_224_pixelbmp,DS
DS002013-1-001001combined_224_pixelbmp,DS
DS002013-2-001001combined_224_pixelbmp,DS
DS002013-3-001001combined_224_pixelbmp,DS
DS002013-4-001001combined_224_pixelbmp,DS
DS002013-5-001001combined_224_pixelbmp,DS
DS002015-1-001001combined_224_pixelbmp,DS
DS002015-2-001001combined_224_pixelbmp,DS
DS002015-3-001001combined_224_pixelbmp,DS
DS002015-4-001001combined_224_pixelbmp,DS
DS002015-5-001001combined_224_pixelbmp,DS
DS002017-1-001001combined_224_pixelbmp,DS
DS002017-2-001001combined_224_pixelbmp,DS
DS002017-3-001001combined_224_pixelbmp,DS
DS002017-4-001001combined_224_pixelbmp,DS
DS002017-5-001001combined_224_pixelbmp,DS
DS002019-1-001001combined_224_pixelbmp,DS
DS002019-2-001001combined_224_pixelbmp,DS
DS002019-3-001001combined_224_pixelbmp,DS
DS002019-4-001001combined_224_pixelbmp,DS
DS002019-5-001001combined_224_pixelbmp,DS
DS002021-1-001001combined_224_pixelbmp,DS
DS002021-2-001001combined_224_pixelbmp,DS
DS002021-3-001001combined_224_pixelbmp,DS
DS002021-4-001001combined_224_pixelbmp,DS
DS002021-5-001001combined_224_pixelbmp,DS
DS002023-1-001001combined_224_pixelbmp,DS
DS002023-2-001001combined_224_pixelbmp,DS
DS002023-3-001001combined_224_pixelbmp,DS
DS002023-4-001001combined_224_pixelbmp,DS
DS002023-5-001001combined_224_pixelbmp,DS
DS003003-1-001001combined_224_pixelbmp,DS
DS003003-2-001001combined_224_pixelbmp,DS
DS003003-3-001001combined_224_pixelbmp,DS
DS003003-4-001001combined_224_pixelbmp,DS
DS003003-5-001001combined_224_pixelbmp,DS
DS003005-1-001001combined_224_pixelbmp,DS
DS003005-2-001001combined_224_pixelbmp,DS
DS003005-3-001001combined_224_pixelbmp,DS
DS003005-4-001001combined_224_pixelbmp,DS
DS003005-5-001001combined_224_pixelbmp,DS
DS003007-1-001001combined_224_pixelbmp,DS
DS003007-2-001001combined_224_pixelbmp,DS
DS003007-3-001001combined_224_pixelbmp,DS
DS003007-4-001001combined_224_pixelbmp,DS
DS003007-5-001001combined_224_pixelbmp,DS
DS003009-1-001001combined_224_pixelbmp,DS
DS003009-2-001001combined_224_pixelbmp,DS
DS003009-3-001001combined_224_pixelbmp,DS
DS003009-4-001001combined_224_pixelbmp,DS
DS003009-5-001001combined_224_pixelbmp,DS
DS003011-1-001001combined_224_pixelbmp,DS
DS003011-2-001001combined_224_pixelbmp,DS
DS003011-3-001001combined_224_pixelbmp,DS
DS003011-4-001001combined_224_pixelbmp,DS
DS003011-5-001001combined_224_pixelbmp,DS
DS003013-1-001001combined_224_pixelbmp,DS
DS003013-2-001001combined_224_pixelbmp,DS
DS003013-3-001001combined_224_pixelbmp,DS
DS003013-4-001001combined_224_pixelbmp,DS
DS003013-5-001001combined_224_pixelbmp,DS
DS003015-1-001001combined_224_pixelbmp,DS
DS003015-2-001001combined_224_pixelbmp,DS
DS003015-3-001001combined_224_pixelbmp,DS
DS003015-4-001001combined_224_pixelbmp,DS
DS003015-5-001001combined_224_pixelbmp,DS
DS003017-1-001001combined_224_pixelbmp,DS
DS003017-2-001001combined_224_pixelbmp,DS
DS003017-3-001001combined_224_pixelbmp,DS
DS003017-4-001001combined_224_pixelbmp,DS
DS003017-5-001001combined_224_pixelbmp,DS
DS003019-1-001001combined_224_pixelbmp,DS
DS003019-2-001001combined_224_pixelbmp,DS
DS003019-3-001001combined_224_pixelbmp,DS
DS003019-4-001001combined_224_pixelbmp,DS
DS003019-5-001001combined_224_pixelbmp,DS
DS003021-1-001001combined_224_pixelbmp,DS
DS003021-2-001001combined_224_pixelbmp,DS
DS003021-3-001001combined_224_pixelbmp,DS
DS003021-4-001001combined_224_pixelbmp,DS
DS003021-5-001001combined_224_pixelbmp,DS
DS003023-1-001001combined_224_pixelbmp,DS
DS003023-2-001001combined_224_pixelbmp,DS
DS003023-3-001001combined_224_pixelbmp,DS
DS003023-4-001001combined_224_pixelbmp,DS
DS003023-5-001001combined_224_pixelbmp,DS
DS004003-1-001001combined_224_pixelbmp,DS
DS004003-2-001001combined_224_pixelbmp,DS
DS004003-3-001001combined_224_pixelbmp,DS
DS004003-4-001001combined_224_pixelbmp,DS
DS004003-5-001001combined_224_pixelbmp,DS
DS004005-1-001001combined_224_pixelbmp,DS
DS004005-2-001001combined_224_pixelbmp,DS
DS004005-3-001001combined_224_pixelbmp,DS
DS004005-4-001001combined_224_pixelbmp,DS
DS004005-5-001001combined_224_pixelbmp,DS
DS004007-1-001001combined_224_pixelbmp,DS
DS004007-2-001001combined_224_pixelbmp,DS
DS004007-3-001001combined_224_pixelbmp,DS
DS004007-4-001001combined_224_pixelbmp,DS
DS004007-5-001001combined_224_pixelbmp,DS
DS004009-1-001001combined_224_pixelbmp,DS
DS004009-2-001001combined_224_pixelbmp,DS
DS004009-3-001001combined_224_pixelbmp,DS
DS004009-4-001001combined_224_pixelbmp,DS
DS004009-5-001001combined_224_pixelbmp,DS
DS004011-1-001001combined_224_pixelbmp,DS
DS004011-2-001001combined_224_pixelbmp,DS
DS004011-3-001001combined_224_pixelbmp,DS
DS004011-4-001001combined_224_pixelbmp,DS
DS004011-5-001001combined_224_pixelbmp,DS
DS004013-1-001001combined_224_pixelbmp,DS
DS004013-2-001001combined_224_pixelbmp,DS
DS004013-3-001001combined_224_pixelbmp,DS
DS004013-4-001001combined_224_pixelbmp,DS
DS004013-5-001001combined_224_pixelbmp,DS
DS004015-1-001001combined_224_pixelbmp,DS
DS004015-2-001001combined_224_pixelbmp,DS
DS004015-3-001001combined_224_pixelbmp,DS
DS004015-4-001001combined_224_pixelbmp,DS
DS004015-5-001001combined_224_pixelbmp,DS
DS004017-1-001001combined_224_pixelbmp,DS
DS004017-2-001001combined_224_pixelbmp,DS
DS004017-3-001001combined_224_pixelbmp,DS
DS004017-4-001001combined_224_pixelbmp,DS
DS004017-5-001001combined_224_pixelbmp,DS
DS004019-1-001001combined_224_pixelbmp,DS
DS004019-2-001001combined_224_pixelbmp,DS
DS004019-3-001001combined_224_pixelbmp,DS
DS004019-4-001001combined_224_pixelbmp,DS
DS004019-5-001001combined_224_pixelbmp,DS
DS004021-1-001001combined_224_pixelbmp,DS
DS004021-2-001001combined_224_pixelbmp,DS
DS004021-3-001001combined_224_pixelbmp,DS
DS004021-4-001001combined_224_pixelbmp,DS
DS004021-5-001001combined_224_pixelbmp,DS
DS004023-1-001001combined_224_pixelbmp,DS
DS004023-2-001001combined_224_pixelbmp,DS
DS004023-3-001001combined_224_pixelbmp,DS
DS004023-4-001001combined_224_pixelbmp,DS
DS004023-5-001001combined_224_pixelbmp,DS
DS005003-1-001001combined_224_pixelbmp,DS
DS005003-2-001001combined_224_pixelbmp,DS
DS005003-3-001001combined_224_pixelbmp,DS
DS005003-4-001001combined_224_pixelbmp,DS
DS005003-5-001001combined_224_pixelbmp,DS
DS005005-1-001001combined_224_pixelbmp,DS
DS005005-2-001001combined_224_pixelbmp,DS
DS005005-3-001001combined_224_pixelbmp,DS
DS005005-4-001001combined_224_pixelbmp,DS
DS005005-5-001001combined_224_pixelbmp,DS
DS005007-1-001001combined_224_pixelbmp,DS
DS005007-2-001001combined_224_pixelbmp,DS
DS005007-3-001001combined_224_pixelbmp,DS
DS005007-4-001001combined_224_pixelbmp,DS
DS005007-5-001001combined_224_pixelbmp,DS
DS005009-1-001001combined_224_pixelbmp,DS
DS005009-2-001001combined_224_pixelbmp,DS
DS005009-3-001001combined_224_pixelbmp,DS
DS005009-4-001001combined_224_pixelbmp,DS
DS005009-5-001001combined_224_pixelbmp,DS
DS005011-1-001001combined_224_pixelbmp,DS
DS005011-2-001001combined_224_pixelbmp,DS
DS005011-3-001001combined_224_pixelbmp,DS
DS005011-4-001001combined_224_pixelbmp,DS
DS005011-5-001001combined_224_pixelbmp,DS
DS005013-1-001001combined_224_pixelbmp,DS
DS005013-2-001001combined_224_pixelbmp,DS
DS005013-3-001001combined_224_pixelbmp,DS
DS005013-4-001001combined_224_pixelbmp,DS
DS005013-5-001001combined_224_pixelbmp,DS
DS005015-1-001001combined_224_pixelbmp,DS
DS005015-2-001001combined_224_pixelbmp,DS
DS005015-3-001001combined_224_pixelbmp,DS
DS005015-4-001001combined_224_pixelbmp,DS
DS005015-5-001001combined_224_pixelbmp,DS
DS005017-1-001001combined_224_pixelbmp,DS
DS005017-2-001001combined_224_pixelbmp,DS
DS005017-3-001001combined_224_pixelbmp,DS
DS005017-4-001001combined_224_pixelbmp,DS
DS005017-5-001001combined_224_pixelbmp,DS
DS005019-1-001001combined_224_pixelbmp,DS
DS005019-2-001001combined_224_pixelbmp,DS
DS005019-3-001001combined_224_pixelbmp,DS
DS005019-4-001001combined_224_pixelbmp,DS
DS005019-5-001001combined_224_pixelbmp,DS
DS005021-1-001001combined_224_pixelbmp,DS
DS005021-2-001001combined_224_pixelbmp,DS
DS005021-3-001001combined_224_pixelbmp,DS
DS005021-4-001001combined_224_pixelbmp,DS
DS005021-5-001001combined_224_pixelbmp,DS
DS005023-1-001001combined_224_pixelbmp,DS
DS005023-2-001001combined_224_pixelbmp,DS
DS005023-3-001001combined_224_pixelbmp,DS
DS005023-4-001001combined_224_pixelbmp,DS
DS005023-5-001001combined_224_pixelbmp,DS
DS006003-1-001001combined_224_pixelbmp,DS
DS006003-2-001001combined_224_pixelbmp,DS
DS006003-3-001001combined_224_pixelbmp,DS
DS006003-4-001001combined_224_pixelbmp,DS
DS006003-5-001001combined_224_pixelbmp,DS
DS006005-1-001001combined_224_pixelbmp,DS
DS006005-2-001001combined_224_pixelbmp,DS
DS006005-3-001001combined_224_pixelbmp,DS
DS006005-4-001001combined_224_pixelbmp,DS
DS006005-5-001001combined_224_pixelbmp,DS
DS006007-1-001001combined_224_pixelbmp,DS
DS006007-2-001001combined_224_pixelbmp,DS
DS006007-3-001001combined_224_pixelbmp,DS
DS006007-4-001001combined_224_pixelbmp,DS
DS006007-5-001001combined_224_pixelbmp,DS
DS006009-1-001001combined_224_pixelbmp,DS
DS006009-2-001001combined_224_pixelbmp,DS
DS006009-3-001001combined_224_pixelbmp,DS
DS006009-4-001001combined_224_pixelbmp,DS
DS006009-5-001001combined_224_pixelbmp,DS
DS006011-1-001001combined_224_pixelbmp,DS
DS006011-2-001001combined_224_pixelbmp,DS
DS006011-3-001001combined_224_pixelbmp,DS
DS006011-4-001001combined_224_pixelbmp,DS
DS006011-5-001001combined_224_pixelbmp,DS
DS006013-1-001001combined_224_pixelbmp,DS
DS006013-2-001001combined_224_pixelbmp,DS
DS006013-3-001001combined_224_pixelbmp,DS
DS006013-4-001001combined_224_pixelbmp,DS
DS006013-5-001001combined_224_pixelbmp,DS
DS006015-1-001001combined_224_pixelbmp,DS
DS006015-2-001001combined_224_pixelbmp,DS
DS006015-3-001001combined_224_pixelbmp,DS
DS006015-4-001001combined_224_pixelbmp,DS
DS006015-5-001001combined_224_pixelbmp,DS
DS006017-1-001001combined_224_pixelbmp,DS
DS006017-2-001001combined_224_pixelbmp,DS
DS006017-3-001001combined_224_pixelbmp,DS
DS006017-4-001001combined_224_pixelbmp,DS
DS006017-5-001001combined_224_pixelbmp,DS
DS006019-1-001001combined_224_pixelbmp,DS
DS006019-2-001001combined_224_pixelbmp,DS
DS006019-3-001001combined_224_pixelbmp,DS
DS006019-4-001001combined_224_pixelbmp,DS
DS006019-5-001001combined_224_pixelbmp,DS
DS006021-1-001001combined_224_pixelbmp,DS
DS006021-2-001001combined_224_pixelbmp,DS
DS006021-3-001001combined_224_pixelbmp,DS
DS006021-4-001001combined_224_pixelbmp,DS
DS006021-5-001001combined_224_pixelbmp,DS
DS006023-1-001001combined_224_pixelbmp,DS
DS006023-2-001001combined_224_pixelbmp,DS
DS006023-3-001001combined_224_pixelbmp,DS
DS006023-4-001001combined_224_pixelbmp,DS
DS006023-5-001001combined_224_pixelbmp,DS
DS007003-1-001001combined_224_pixelbmp,DS
DS007003-2-001001combined_224_pixelbmp,DS
DS007003-3-001001combined_224_pixelbmp,DS
DS007003-4-001001combined_224_pixelbmp,DS
DS007003-5-001001combined_224_pixelbmp,DS
DS007005-1-001001combined_224_pixelbmp,DS
DS007005-2-001001combined_224_pixelbmp,DS
DS007005-3-001001combined_224_pixelbmp,DS
DS007005-4-001001combined_224_pixelbmp,DS
DS007005-5-001001combined_224_pixelbmp,DS
DS007007-1-001001combined_224_pixelbmp,DS
DS007007-2-001001combined_224_pixelbmp,DS
DS007007-3-001001combined_224_pixelbmp,DS
DS007007-4-001001combined_224_pixelbmp,DS
DS007007-5-001001combined_224_pixelbmp,DS
DS007009-1-001001combined_224_pixelbmp,DS
DS007009-2-001001combined_224_pixelbmp,DS
DS007009-3-001001combined_224_pixelbmp,DS
DS007009-4-001001combined_224_pixelbmp,DS
DS007009-5-001001combined_224_pixelbmp,DS
DS007011-1-001001combined_224_pixelbmp,DS
DS007011-2-001001combined_224_pixelbmp,DS
DS007011-3-001001combined_224_pixelbmp,DS
DS007011-4-001001combined_224_pixelbmp,DS
DS007011-5-001001combined_224_pixelbmp,DS
DS007013-1-001001combined_224_pixelbmp,DS
DS007013-2-001001combined_224_pixelbmp,DS
DS007013-3-001001combined_224_pixelbmp,DS
DS007013-4-001001combined_224_pixelbmp,DS
DS007013-5-001001combined_224_pixelbmp,DS
DS007015-1-001001combined_224_pixelbmp,DS
DS007015-2-001001combined_224_pixelbmp,DS
DS007015-3-001001combined_224_pixelbmp,DS
DS007015-4-001001combined_224_pixelbmp,DS
DS007015-5-001001combined_224_pixelbmp,DS
DS007017-1-001001combined_224_pixelbmp,DS
DS007017-2-001001combined_224_pixelbmp,DS
DS007017-3-001001combined_224_pixelbmp,DS
DS007017-4-001001combined_224_pixelbmp,DS
DS007017-5-001001combined_224_pixelbmp,DS
DS007019-1-001001combined_224_pixelbmp,DS
DS007019-2-001001combined_224_pixelbmp,DS
DS007019-3-001001combined_224_pixelbmp,DS
DS007019-4-001001combined_224_pixelbmp,DS
DS007019-5-001001combined_224_pixelbmp,DS
DS007021-1-001001combined_224_pixelbmp,DS
DS007021-2-001001combined_224_pixelbmp,DS
DS007021-3-001001combined_224_pixelbmp,DS
DS007021-4-001001combined_224_pixelbmp,DS
DS007021-5-001001combined_224_pixelbmp,DS
DS007023-1-001001combined_224_pixelbmp,DS
DS007023-2-001001combined_224_pixelbmp,DS
DS007023-3-001001combined_224_pixelbmp,DS
DS007023-4-001001combined_224_pixelbmp,DS
DS007023-5-001001combined_224_pixelbmp,DS
DS008003-1-001001combined_224_pixelbmp,DS
DS008003-2-001001combined_224_pixelbmp,DS
DS008003-3-001001combined_224_pixelbmp,DS
DS008003-4-001001combined_224_pixelbmp,DS
DS008003-5-001001combined_224_pixelbmp,DS
DS008005-1-001001combined_224_pixelbmp,DS
DS008005-2-001001combined_224_pixelbmp,DS
DS008005-3-001001combined_224_pixelbmp,DS
DS008005-4-001001combined_224_pixelbmp,DS
DS008005-5-001001combined_224_pixelbmp,DS
DS008007-1-001001combined_224_pixelbmp,DS
DS008007-2-001001combined_224_pixelbmp,DS
DS008007-3-001001combined_224_pixelbmp,DS
DS008007-4-001001combined_224_pixelbmp,DS
DS008007-5-001001combined_224_pixelbmp,DS
DS008009-1-001001combined_224_pixelbmp,DS
DS008009-2-001001combined_224_pixelbmp,DS
DS008009-3-001001combined_224_pixelbmp,DS
DS008009-4-001001combined_224_pixelbmp,DS
DS008009-5-001001combined_224_pixelbmp,DS
DS008011-1-001001combined_224_pixelbmp,DS
DS008011-2-001001combined_224_pixelbmp,DS
DS008011-3-001001combined_224_pixelbmp,DS
DS008011-4-001001combined_224_pixelbmp,DS
DS008011-5-001001combined_224_pixelbmp,DS
DS008013-1-001001combined_224_pixelbmp,DS
DS008013-2-001001combined_224_pixelbmp,DS
DS008013-3-001001combined_224_pixelbmp,DS
DS008013-4-001001combined_224_pixelbmp,DS
DS008013-5-001001combined_224_pixelbmp,DS
DS008015-1-001001combined_224_pixelbmp,DS
DS008015-2-001001combined_224_pixelbmp,DS
DS008015-3-001001combined_224_pixelbmp,DS
DS008015-4-001001combined_224_pixelbmp,DS
DS008015-5-001001combined_224_pixelbmp,DS
DS008017-1-001001combined_224_pixelbmp,DS
DS008017-2-001001combined_224_pixelbmp,DS
DS008017-3-001001combined_224_pixelbmp,DS
DS008017-4-001001combined_224_pixelbmp,DS
DS008017-5-001001combined_224_pixelbmp,DS
DS008019-1-001001combined_224_pixelbmp,DS
DS008019-2-001001combined_224_pixelbmp,DS
DS008019-3-001001combined_224_pixelbmp,DS
DS008019-4-001001combined_224_pixelbmp,DS
DS008019-5-001001combined_224_pixelbmp,DS
DS008021-1-001001combined_224_pixelbmp,DS
DS008021-2-001001combined_224_pixelbmp,DS
DS008021-3-001001combined_224_pixelbmp,DS
DS008021-4-001001combined_224_pixelbmp,DS
DS008021-5-001001combined_224_pixelbmp,DS
DS008023-1-001001combined_224_pixelbmp,DS
DS008023-2-001001combined_224_pixelbmp,DS
DS008023-3-001001combined_224_pixelbmp,DS
DS008023-4-001001combined_224_pixelbmp,DS
DS008023-5-001001combined_224_pixelbmp,DS
DS009003-1-001001combined_224_pixelbmp,DS
DS009003-2-001001combined_224_pixelbmp,DS
DS009003-3-001001combined_224_pixelbmp,DS
DS009003-4-001001combined_224_pixelbmp,DS
DS009003-5-001001combined_224_pixelbmp,DS
DS009005-1-001001combined_224_pixelbmp,DS
DS009005-2-001001combined_224_pixelbmp,DS
DS009005-3-001001combined_224_pixelbmp,DS
DS009005-4-001001combined_224_pixelbmp,DS
DS009005-5-001001combined_224_pixelbmp,DS
DS009007-1-001001combined_224_pixelbmp,DS
DS009007-2-001001combined_224_pixelbmp,DS
DS009007-3-001001combined_224_pixelbmp,DS
DS009007-4-001001combined_224_pixelbmp,DS
DS009007-5-001001combined_224_pixelbmp,DS
DS009009-1-001001combined_224_pixelbmp,DS
DS009009-2-001001combined_224_pixelbmp,DS
DS009009-3-001001combined_224_pixelbmp,DS
DS009009-4-001001combined_224_pixelbmp,DS
DS009009-5-001001combined_224_pixelbmp,DS
DS009011-1-001001combined_224_pixelbmp,DS
DS009011-2-001001combined_224_pixelbmp,DS
DS009011-3-001001combined_224_pixelbmp,DS
DS009011-4-001001combined_224_pixelbmp,DS
DS009011-5-001001combined_224_pixelbmp,DS
DS009013-1-001001combined_224_pixelbmp,DS
DS009013-2-001001combined_224_pixelbmp,DS
DS009013-3-001001combined_224_pixelbmp,DS
DS009013-4-001001combined_224_pixelbmp,DS
DS009013-5-001001combined_224_pixelbmp,DS
DS009015-1-001001combined_224_pixelbmp,DS
DS009015-2-001001combined_224_pixelbmp,DS
DS009015-3-001001combined_224_pixelbmp,DS
DS009015-4-001001combined_224_pixelbmp,DS
DS009015-5-001001combined_224_pixelbmp,DS
DS009017-1-001001combined_224_pixelbmp,DS
DS009017-2-001001combined_224_pixelbmp,DS
DS009017-3-001001combined_224_pixelbmp,DS
DS009017-4-001001combined_224_pixelbmp,DS
DS009017-5-001001combined_224_pixelbmp,DS
DS009019-1-001001combined_224_pixelbmp,DS
DS009019-2-001001combined_224_pixelbmp,DS
DS009019-3-001001combined_224_pixelbmp,DS
DS009019-4-001001combined_224_pixelbmp,DS
DS009019-5-001001combined_224_pixelbmp,DS
DS009021-1-001001combined_224_pixelbmp,DS
DS009021-2-001001combined_224_pixelbmp,DS
DS009021-3-001001combined_224_pixelbmp,DS
DS009021-4-001001combined_224_pixelbmp,DS
DS009021-5-001001combined_224_pixelbmp,DS
DS009023-1-001001combined_224_pixelbmp,DS
DS009023-2-001001combined_224_pixelbmp,DS
DS009023-3-001001combined_224_pixelbmp,DS
DS009023-4-001001combined_224_pixelbmp,DS
DS009023-5-001001combined_224_pixelbmp,DS
DS010003-1-001001combined_224_pixelbmp,DS
DS010003-2-001001combined_224_pixelbmp,DS
DS010003-3-001001combined_224_pixelbmp,DS
DS010003-4-001001combined_224_pixelbmp,DS
DS010003-5-001001combined_224_pixelbmp,DS
DS010005-1-001001combined_224_pixelbmp,DS
DS010005-2-001001combined_224_pixelbmp,DS
DS010005-3-001001combined_224_pixelbmp,DS
DS010005-4-001001combined_224_pixelbmp,DS
DS010005-5-001001combined_224_pixelbmp,DS
DS010007-1-001001combined_224_pixelbmp,DS
DS010007-2-001001combined_224_pixelbmp,DS
DS010007-3-001001combined_224_pixelbmp,DS
DS010007-4-001001combined_224_pixelbmp,DS
DS010007-5-001001combined_224_pixelbmp,DS
DS010009-1-001001combined_224_pixelbmp,DS
DS010009-2-001001combined_224_pixelbmp,DS
DS010009-3-001001combined_224_pixelbmp,DS
DS010009-4-001001combined_224_pixelbmp,DS
DS010009-5-001001combined_224_pixelbmp,DS
DS010011-1-001001combined_224_pixelbmp,DS
DS010011-2-001001combined_224_pixelbmp,DS
DS010011-3-001001combined_224_pixelbmp,DS
DS010011-4-001001combined_224_pixelbmp,DS
DS010011-5-001001combined_224_pixelbmp,DS
DS010013-1-001001combined_224_pixelbmp,DS
DS010013-2-001001combined_224_pixelbmp,DS
DS010013-3-001001combined_224_pixelbmp,DS
DS010013-4-001001combined_224_pixelbmp,DS
DS010013-5-001001combined_224_pixelbmp,DS
DS010015-1-001001combined_224_pixelbmp,DS
DS010015-2-001001combined_224_pixelbmp,DS
DS010015-3-001001combined_224_pixelbmp,DS
DS010015-4-001001combined_224_pixelbmp,DS
DS010015-5-001001combined_224_pixelbmp,DS
DS010017-1-001001combined_224_pixelbmp,DS
DS010017-2-001001combined_224_pixelbmp,DS
DS010017-3-001001combined_224_pixelbmp,DS
DS010017-4-001001combined_224_pixelbmp,DS
DS010017-5-001001combined_224_pixelbmp,DS
DS010019-1-001001combined_224_pixelbmp,DS
DS010019-2-001001combined_224_pixelbmp,DS
DS010019-3-001001combined_224_pixelbmp,DS
DS010019-4-001001combined_224_pixelbmp,DS
DS010019-5-001001combined_224_pixelbmp,DS
DS010021-1-001001combined_224_pixelbmp,DS
DS010021-2-001001combined_224_pixelbmp,DS
DS010021-3-001001combined_224_pixelbmp,DS
DS010021-4-001001combined_224_pixelbmp,DS
DS010021-5-001001combined_224_pixelbmp,DS
DS010023-1-001001combined_224_pixelbmp,DS
DS010023-2-001001combined_224_pixelbmp,DS
DS010023-3-001001combined_224_pixelbmp,DS
DS010023-4-001001combined_224_pixelbmp,DS
DS010023-5-001001combined_224_pixelbmp,DS
DS011003-1-001001combined_224_pixelbmp,DS
DS011003-2-001001combined_224_pixelbmp,DS
DS011003-3-001001combined_224_pixelbmp,DS
DS011003-4-001001combined_224_pixelbmp,DS
DS011003-5-001001combined_224_pixelbmp,DS
DS011005-1-001001combined_224_pixelbmp,DS
DS011005-2-001001combined_224_pixelbmp,DS
DS011005-3-001001combined_224_pixelbmp,DS
DS011005-4-001001combined_224_pixelbmp,DS
DS011005-5-001001combined_224_pixelbmp,DS
DS011007-1-001001combined_224_pixelbmp,DS
DS011007-2-001001combined_224_pixelbmp,DS
DS011007-3-001001combined_224_pixelbmp,DS
DS011007-4-001001combined_224_pixelbmp,DS
DS011007-5-001001combined_224_pixelbmp,DS
DS011009-1-001001combined_224_pixelbmp,DS
DS011009-2-001001combined_224_pixelbmp,DS
DS011009-3-001001combined_224_pixelbmp,DS
DS011009-4-001001combined_224_pixelbmp,DS
DS011009-5-001001combined_224_pixelbmp,DS
DS011011-1-001001combined_224_pixelbmp,DS
DS011011-2-001001combined_224_pixelbmp,DS
DS011011-3-001001combined_224_pixelbmp,DS
DS011011-4-001001combined_224_pixelbmp,DS
DS011011-5-001001combined_224_pixelbmp,DS
DS011013-1-001001combined_224_pixelbmp,DS
DS011013-2-001001combined_224_pixelbmp,DS
DS011013-3-001001combined_224_pixelbmp,DS
DS011013-4-001001combined_224_pixelbmp,DS
DS011013-5-001001combined_224_pixelbmp,DS
DS011015-1-001001combined_224_pixelbmp,DS
DS011015-2-001001combined_224_pixelbmp,DS
DS011015-3-001001combined_224_pixelbmp,DS
DS011015-4-001001combined_224_pixelbmp,DS
DS011015-5-001001combined_224_pixelbmp,DS
DS011017-1-001001combined_224_pixelbmp,DS
DS011017-2-001001combined_224_pixelbmp,DS
DS011017-3-001001combined_224_pixelbmp,DS
DS011017-4-001001combined_224_pixelbmp,DS
DS011017-5-001001combined_224_pixelbmp,DS
DS011019-1-001001combined_224_pixelbmp,DS
DS011019-2-001001combined_224_pixelbmp,DS
DS011019-3-001001combined_224_pixelbmp,DS
DS011019-4-001001combined_224_pixelbmp,DS
DS011019-5-001001combined_224_pixelbmp,DS
DS011021-1-001001combined_224_pixelbmp,DS
DS011021-2-001001combined_224_pixelbmp,DS
DS011021-3-001001combined_224_pixelbmp,DS
DS011021-4-001001combined_224_pixelbmp,DS
DS011021-5-001001combined_224_pixelbmp,DS
DS011023-1-001001combined_224_pixelbmp,DS
DS011023-2-001001combined_224_pixelbmp,DS
DS011023-3-001001combined_224_pixelbmp,DS
DS011023-4-001001combined_224_pixelbmp,DS
DS011023-5-001001combined_224_pixelbmp,DS
DS012003-1-001001combined_224_pixelbmp,DS
DS012003-2-001001combined_224_pixelbmp,DS
DS012003-3-001001combined_224_pixelbmp,DS
DS012003-4-001001combined_224_pixelbmp,DS
DS012003-5-001001combined_224_pixelbmp,DS
DS012005-1-001001combined_224_pixelbmp,DS
DS012005-2-001001combined_224_pixelbmp,DS
DS012005-3-001001combined_224_pixelbmp,DS
DS012005-4-001001combined_224_pixelbmp,DS
DS012005-5-001001combined_224_pixelbmp,DS
DS012007-1-001001combined_224_pixelbmp,DS
DS012007-2-001001combined_224_pixelbmp,DS
DS012007-3-001001combined_224_pixelbmp,DS
DS012007-4-001001combined_224_pixelbmp,DS
DS012007-5-001001combined_224_pixelbmp,DS
DS012009-1-001001combined_224_pixelbmp,DS
DS012009-2-001001combined_224_pixelbmp,DS
DS012009-3-001001combined_224_pixelbmp,DS
DS012009-4-001001combined_224_pixelbmp,DS
DS012009-5-001001combined_224_pixelbmp,DS
DS012011-1-001001combined_224_pixelbmp,DS
DS012011-2-001001combined_224_pixelbmp,DS
DS012011-3-001001combined_224_pixelbmp,DS
DS012011-4-001001combined_224_pixelbmp,DS
DS012011-5-001001combined_224_pixelbmp,DS
DS012013-1-001001combined_224_pixelbmp,DS
DS012013-2-001001combined_224_pixelbmp,DS
DS012013-3-001001combined_224_pixelbmp,DS
DS012013-4-001001combined_224_pixelbmp,DS
DS012013-5-001001combined_224_pixelbmp,DS
DS012015-1-001001combined_224_pixelbmp,DS
DS012015-2-001001combined_224_pixelbmp,DS
DS012015-3-001001combined_224_pixelbmp,DS
DS012015-4-001001combined_224_pixelbmp,DS
DS012015-5-001001combined_224_pixelbmp,DS
DS012017-1-001001combined_224_pixelbmp,DS
DS012017-2-001001combined_224_pixelbmp,DS
DS012017-3-001001combined_224_pixelbmp,DS
DS012017-4-001001combined_224_pixelbmp,DS
DS012017-5-001001combined_224_pixelbmp,DS
DS012019-1-001001combined_224_pixelbmp,DS
DS012019-2-001001combined_224_pixelbmp,DS
DS012019-3-001001combined_224_pixelbmp,DS
DS012019-4-001001combined_224_pixelbmp,DS
DS012019-5-001001combined_224_pixelbmp,DS
DS012021-1-001001combined_224_pixelbmp,DS
DS012021-2-001001combined_224_pixelbmp,DS
DS012021-3-001001combined_224_pixelbmp,DS
DS012021-4-001001combined_224_pixelbmp,DS
DS012021-5-001001combined_224_pixelbmp,DS
DS012023-1-001001combined_224_pixelbmp,DS
DS012023-2-001001combined_224_pixelbmp,DS
DS012023-3-001001combined_224_pixelbmp,DS
DS012023-4-001001combined_224_pixelbmp,DS
DS012023-5-001001combined_224_pixelbmp,DS
DS013003-1-001001combined_224_pixelbmp,DS
DS013003-2-001001combined_224_pixelbmp,DS
DS013003-3-001001combined_224_pixelbmp,DS
DS013003-4-001001combined_224_pixelbmp,DS
DS013003-5-001001combined_224_pixelbmp,DS
DS013005-1-001001combined_224_pixelbmp,DS
DS013005-2-001001combined_224_pixelbmp,DS
DS013005-3-001001combined_224_pixelbmp,DS
DS013005-4-001001combined_224_pixelbmp,DS
DS013005-5-001001combined_224_pixelbmp,DS
DS013007-1-001001combined_224_pixelbmp,DS
DS013007-2-001001combined_224_pixelbmp,DS
DS013007-3-001001combined_224_pixelbmp,DS
DS013007-4-001001combined_224_pixelbmp,DS
DS013007-5-001001combined_224_pixelbmp,DS
DS013009-1-001001combined_224_pixelbmp,DS
DS013009-2-001001combined_224_pixelbmp,DS
DS013009-3-001001combined_224_pixelbmp,DS
DS013009-4-001001combined_224_pixelbmp,DS
DS013009-5-001001combined_224_pixelbmp,DS
DS013011-1-001001combined_224_pixelbmp,DS
DS013011-2-001001combined_224_pixelbmp,DS
DS013011-3-001001combined_224_pixelbmp,DS
DS013011-4-001001combined_224_pixelbmp,DS
DS013011-5-001001combined_224_pixelbmp,DS
DS013013-1-001001combined_224_pixelbmp,DS
DS013013-2-001001combined_224_pixelbmp,DS
DS013013-3-001001combined_224_pixelbmp,DS
DS013013-4-001001combined_224_pixelbmp,DS
DS013013-5-001001combined_224_pixelbmp,DS
DS013015-1-001001combined_224_pixelbmp,DS
DS013015-2-001001combined_224_pixelbmp,DS
DS013015-3-001001combined_224_pixelbmp,DS
DS013015-4-001001combined_224_pixelbmp,DS
DS013015-5-001001combined_224_pixelbmp,DS
DS013017-1-001001combined_224_pixelbmp,DS
DS013017-2-001001combined_224_pixelbmp,DS
DS013017-3-001001combined_224_pixelbmp,DS
DS013017-4-001001combined_224_pixelbmp,DS
DS013017-5-001001combined_224_pixelbmp,DS
DS013019-1-001001combined_224_pixelbmp,DS
DS013019-2-001001combined_224_pixelbmp,DS
DS013019-3-001001combined_224_pixelbmp,DS
DS013019-4-001001combined_224_pixelbmp,DS
DS013019-5-001001combined_224_pixelbmp,DS
DS013021-1-001001combined_224_pixelbmp,DS
DS013021-2-001001combined_224_pixelbmp,DS
DS013021-3-001001combined_224_pixelbmp,DS
DS013021-4-001001combined_224_pixelbmp,DS
DS013021-5-001001combined_224_pixelbmp,DS
DS013023-1-001001combined_224_pixelbmp,DS
DS013023-2-001001combined_224_pixelbmp,DS
DS013023-3-001001combined_224_pixelbmp,DS
DS013023-4-001001combined_224_pixelbmp,DS
DS013023-5-001001combined_224_pixelbmp,DS
DS014003-1-001001combined_224_pixelbmp,DS
DS014003-2-001001combined_224_pixelbmp,DS
DS014003-3-001001combined_224_pixelbmp,DS
DS014003-4-001001combined_224_pixelbmp,DS
DS014003-5-001001combined_224_pixelbmp,DS
DS014005-1-001001combined_224_pixelbmp,DS
DS014005-2-001001combined_224_pixelbmp,DS
DS014005-3-001001combined_224_pixelbmp,DS
DS014005-4-001001combined_224_pixelbmp,DS
DS014005-5-001001combined_224_pixelbmp,DS
DS014007-1-001001combined_224_pixelbmp,DS
DS014007-2-001001combined_224_pixelbmp,DS
DS014007-3-001001combined_224_pixelbmp,DS
DS014007-4-001001combined_224_pixelbmp,DS
DS014007-5-001001combined_224_pixelbmp,DS
DS014009-1-001001combined_224_pixelbmp,DS
DS014009-2-001001combined_224_pixelbmp,DS
DS014009-3-001001combined_224_pixelbmp,DS
DS014009-4-001001combined_224_pixelbmp,DS
DS014009-5-001001combined_224_pixelbmp,DS
DS014011-1-001001combined_224_pixelbmp,DS
DS014011-2-001001combined_224_pixelbmp,DS
DS014011-3-001001combined_224_pixelbmp,DS
DS014011-4-001001combined_224_pixelbmp,DS
DS014011-5-001001combined_224_pixelbmp,DS
DS014013-1-001001combined_224_pixelbmp,DS
DS014013-2-001001combined_224_pixelbmp,DS
DS014013-3-001001combined_224_pixelbmp,DS
DS014013-4-001001combined_224_pixelbmp,DS
DS014013-5-001001combined_224_pixelbmp,DS
DS014015-1-001001combined_224_pixelbmp,DS
DS014015-2-001001combined_224_pixelbmp,DS
DS014015-3-001001combined_224_pixelbmp,DS
DS014015-4-001001combined_224_pixelbmp,DS
DS014015-5-001001combined_224_pixelbmp,DS
DS014017-1-001001combined_224_pixelbmp,DS
DS014017-2-001001combined_224_pixelbmp,DS
DS014017-3-001001combined_224_pixelbmp,DS
DS014017-4-001001combined_224_pixelbmp,DS
DS014017-5-001001combined_224_pixelbmp,DS
DS014019-1-001001combined_224_pixelbmp,DS
DS014019-2-001001combined_224_pixelbmp,DS
DS014019-3-001001combined_224_pixelbmp,DS
DS014019-4-001001combined_224_pixelbmp,DS
DS014019-5-001001combined_224_pixelbmp,DS
DS014021-1-001001combined_224_pixelbmp,DS
DS014021-2-001001combined_224_pixelbmp,DS
DS014021-3-001001combined_224_pixelbmp,DS
DS014021-4-001001combined_224_pixelbmp,DS
DS014021-5-001001combined_224_pixelbmp,DS
DS014023-1-001001combined_224_pixelbmp,DS
DS014023-2-001001combined_224_pixelbmp,DS
DS014023-3-001001combined_224_pixelbmp,DS
DS014023-4-001001combined_224_pixelbmp,DS
DS014023-5-001001combined_224_pixelbmp,DS
DS015003-1-001001combined_224_pixelbmp,DS
DS015003-2-001001combined_224_pixelbmp,DS
DS015003-3-001001combined_224_pixelbmp,DS
DS015003-4-001001combined_224_pixelbmp,DS
DS015003-5-001001combined_224_pixelbmp,DS
DS015005-1-001001combined_224_pixelbmp,DS
DS015005-2-001001combined_224_pixelbmp,DS
DS015005-3-001001combined_224_pixelbmp,DS
DS015005-4-001001combined_224_pixelbmp,DS
DS015005-5-001001combined_224_pixelbmp,DS
DS015007-1-001001combined_224_pixelbmp,DS
DS015007-2-001001combined_224_pixelbmp,DS
DS015007-3-001001combined_224_pixelbmp,DS
DS015007-4-001001combined_224_pixelbmp,DS
DS015007-5-001001combined_224_pixelbmp,DS
DS015009-1-001001combined_224_pixelbmp,DS
DS015009-2-001001combined_224_pixelbmp,DS
DS015009-3-001001combined_224_pixelbmp,DS
DS015009-4-001001combined_224_pixelbmp,DS
DS015009-5-001001combined_224_pixelbmp,DS
DS015011-1-001001combined_224_pixelbmp,DS
DS015011-2-001001combined_224_pixelbmp,DS
DS015011-3-001001combined_224_pixelbmp,DS
DS015011-4-001001combined_224_pixelbmp,DS
DS015011-5-001001combined_224_pixelbmp,DS
DS015013-1-001001combined_224_pixelbmp,DS
DS015013-2-001001combined_224_pixelbmp,DS
DS015013-3-001001combined_224_pixelbmp,DS
DS015013-4-001001combined_224_pixelbmp,DS
DS015013-5-001001combined_224_pixelbmp,DS
DS015015-1-001001combined_224_pixelbmp,DS
DS015015-2-001001combined_224_pixelbmp,DS
DS015015-3-001001combined_224_pixelbmp,DS
DS015015-4-001001combined_224_pixelbmp,DS
DS015015-5-001001combined_224_pixelbmp,DS
DS015017-1-001001combined_224_pixelbmp,DS
DS015017-2-001001combined_224_pixelbmp,DS
DS015017-3-001001combined_224_pixelbmp,DS
DS015017-4-001001combined_224_pixelbmp,DS
DS015017-5-001001combined_224_pixelbmp,DS
DS015019-1-001001combined_224_pixelbmp,DS
DS015019-2-001001combined_224_pixelbmp,DS
DS015019-3-001001combined_224_pixelbmp,DS
DS015019-4-001001combined_224_pixelbmp,DS
DS015019-5-001001combined_224_pixelbmp,DS
DS015021-1-001001combined_224_pixelbmp,DS
DS015021-2-001001combined_224_pixelbmp,DS
DS015021-3-001001combined_224_pixelbmp,DS
DS015021-4-001001combined_224_pixelbmp,DS
DS015021-5-001001combined_224_pixelbmp,DS
DS015023-1-001001combined_224_pixelbmp,DS
DS015023-2-001001combined_224_pixelbmp,DS
DS015023-3-001001combined_224_pixelbmp,DS
DS015023-4-001001combined_224_pixelbmp,DS
DS015023-5-001001combined_224_pixelbmp,DS
DS016003-1-001001combined_224_pixelbmp,DS
DS016003-2-001001combined_224_pixelbmp,DS
DS016003-3-001001combined_224_pixelbmp,DS
DS016003-4-001001combined_224_pixelbmp,DS
DS016003-5-001001combined_224_pixelbmp,DS
DS016005-1-001001combined_224_pixelbmp,DS
DS016005-2-001001combined_224_pixelbmp,DS
DS016005-3-001001combined_224_pixelbmp,DS
DS016005-4-001001combined_224_pixelbmp,DS
DS016005-5-001001combined_224_pixelbmp,DS
DS016007-1-001001combined_224_pixelbmp,DS
DS016007-2-001001combined_224_pixelbmp,DS
DS016007-3-001001combined_224_pixelbmp,DS
DS016007-4-001001combined_224_pixelbmp,DS
DS016007-5-001001combined_224_pixelbmp,DS
DS016009-1-001001combined_224_pixelbmp,DS
DS016009-2-001001combined_224_pixelbmp,DS
DS016009-3-001001combined_224_pixelbmp,DS
DS016009-4-001001combined_224_pixelbmp,DS
DS016009-5-001001combined_224_pixelbmp,DS
DS016011-1-001001combined_224_pixelbmp,DS
DS016011-2-001001combined_224_pixelbmp,DS
DS016011-3-001001combined_224_pixelbmp,DS
DS016011-4-001001combined_224_pixelbmp,DS
DS016011-5-001001combined_224_pixelbmp,DS
DS016013-1-001001combined_224_pixelbmp,DS
DS016013-2-001001combined_224_pixelbmp,DS
DS016013-3-001001combined_224_pixelbmp,DS
DS016013-4-001001combined_224_pixelbmp,DS
DS016013-5-001001combined_224_pixelbmp,DS
DS016015-1-001001combined_224_pixelbmp,DS
DS016015-2-001001combined_224_pixelbmp,DS
DS016015-3-001001combined_224_pixelbmp,DS
DS016015-4-001001combined_224_pixelbmp,DS
DS016015-5-001001combined_224_pixelbmp,DS
DS016017-1-001001combined_224_pixelbmp,DS
DS016017-2-001001combined_224_pixelbmp,DS
DS016017-3-001001combined_224_pixelbmp,DS
DS016017-4-001001combined_224_pixelbmp,DS
DS016017-5-001001combined_224_pixelbmp,DS
DS016019-1-001001combined_224_pixelbmp,DS
DS016019-2-001001combined_224_pixelbmp,DS
DS016019-3-001001combined_224_pixelbmp,DS
DS016019-4-001001combined_224_pixelbmp,DS
DS016019-5-001001combined_224_pixelbmp,DS
DS016021-1-001001combined_224_pixelbmp,DS
DS016021-2-001001combined_224_pixelbmp,DS
DS016021-3-001001combined_224_pixelbmp,DS
DS016021-4-001001combined_224_pixelbmp,DS
DS016021-5-001001combined_224_pixelbmp,DS
DS016023-1-001001combined_224_pixelbmp,DS
DS016023-2-001001combined_224_pixelbmp,DS
DS016023-3-001001combined_224_pixelbmp,DS
DS016023-4-001001combined_224_pixelbmp,DS
DS016023-5-001001combined_224_pixelbmp,DS
ET001001-1-001001combined_224_pixelbmp,ET
ET001001-2-001001combined_224_pixelbmp,ET
ET001001-3-001001combined_224_pixelbmp,ET
ET001001-4-001001combined_224_pixelbmp,ET
ET001001-5-001001combined_224_pixelbmp,ET
ET001024-1-001001combined_224_pixelbmp,ET
ET001024-2-001001combined_224_pixelbmp,ET
ET001024-3-001001combined_224_pixelbmp,ET
ET001024-4-001001combined_224_pixelbmp,ET
ET001024-5-001001combined_224_pixelbmp,ET
ET002001-1-001001combined_224_pixelbmp,ET
ET002001-2-001001combined_224_pixelbmp,ET
ET002001-3-001001combined_224_pixelbmp,ET
ET002001-4-001001combined_224_pixelbmp,ET
ET002001-5-001001combined_224_pixelbmp,ET
ET003001-1-001001combined_224_pixelbmp,ET
ET003001-2-001001combined_224_pixelbmp,ET
ET003001-3-001001combined_224_pixelbmp,ET
ET003001-4-001001combined_224_pixelbmp,ET
ET003001-5-001001combined_224_pixelbmp,ET
ET004001-1-001001combined_224_pixelbmp,ET
ET004001-2-001001combined_224_pixelbmp,ET
ET004001-3-001001combined_224_pixelbmp,ET
ET004001-4-001001combined_224_pixelbmp,ET
ET004001-5-001001combined_224_pixelbmp,ET
ET005001-1-001001combined_224_pixelbmp,ET
ET005001-2-001001combined_224_pixelbmp,ET
ET005001-3-001001combined_224_pixelbmp,ET
ET005001-4-001001combined_224_pixelbmp,ET
ET005001-5-001001combined_224_pixelbmp,ET
ET006001-1-001001combined_224_pixelbmp,ET
ET006001-2-001001combined_224_pixelbmp,ET
ET006001-3-001001combined_224_pixelbmp,ET
ET006001-4-001001combined_224_pixelbmp,ET
ET006001-5-001001combined_224_pixelbmp,ET
ET006024-1-001001combined_224_pixelbmp,ET
ET006024-2-001001combined_224_pixelbmp,ET
ET006024-3-001001combined_224_pixelbmp,ET
ET006024-4-001001combined_224_pixelbmp,ET
ET006024-5-001001combined_224_pixelbmp,ET
ET007001-1-001001combined_224_pixelbmp,ET
ET007001-2-001001combined_224_pixelbmp,ET
ET007001-3-001001combined_224_pixelbmp,ET
ET007001-4-001001combined_224_pixelbmp,ET
ET007001-5-001001combined_224_pixelbmp,ET
ET008001-1-001001combined_224_pixelbmp,ET
ET008001-2-001001combined_224_pixelbmp,ET
ET008001-3-001001combined_224_pixelbmp,ET
ET008001-4-001001combined_224_pixelbmp,ET
ET008001-5-001001combined_224_pixelbmp,ET
ET009001-1-001001combined_224_pixelbmp,ET
ET009001-2-001001combined_224_pixelbmp,ET
ET009001-3-001001combined_224_pixelbmp,ET
ET009001-4-001001combined_224_pixelbmp,ET
ET009001-5-001001combined_224_pixelbmp,ET
ET009012-1-001001combined_224_pixelbmp,ET
ET009012-2-001001combined_224_pixelbmp,ET
ET009012-3-001001combined_224_pixelbmp,ET
ET009012-4-001001combined_224_pixelbmp,ET
ET009012-5-001001combined_224_pixelbmp,ET
ET010001-1-001001combined_224_pixelbmp,ET
ET010001-2-001001combined_224_pixelbmp,ET
ET010001-3-001001combined_224_pixelbmp,ET
ET010001-4-001001combined_224_pixelbmp,ET
ET010001-5-001001combined_224_pixelbmp,ET
ET011001-1-001001combined_224_pixelbmp,ET
ET011001-2-001001combined_224_pixelbmp,ET
ET011001-3-001001combined_224_pixelbmp,ET
ET011001-4-001001combined_224_pixelbmp,ET
ET011001-5-001001combined_224_pixelbmp,ET
ET011024-1-001001combined_224_pixelbmp,ET
ET011024-2-001001combined_224_pixelbmp,ET
ET011024-3-001001combined_224_pixelbmp,ET
ET011024-4-001001combined_224_pixelbmp,ET
ET011024-5-001001combined_224_pixelbmp,ET
ET012001-1-001001combined_224_pixelbmp,ET
ET012001-2-001001combined_224_pixelbmp,ET
ET012001-3-001001combined_224_pixelbmp,ET
ET012001-4-001001combined_224_pixelbmp,ET
ET012001-5-001001combined_224_pixelbmp,ET
ET013001-1-001001combined_224_pixelbmp,ET
ET013001-2-001001combined_224_pixelbmp,ET
ET013001-3-001001combined_224_pixelbmp,ET
ET013001-4-001001combined_224_pixelbmp,ET
ET013001-5-001001combined_224_pixelbmp,ET
ET014001-1-001001combined_224_pixelbmp,ET
ET014001-2-001001combined_224_pixelbmp,ET
ET014001-3-001001combined_224_pixelbmp,ET
ET014001-4-001001combined_224_pixelbmp,ET
ET014001-5-001001combined_224_pixelbmp,ET
ET014012-1-001001combined_224_pixelbmp,ET
ET014012-2-001001combined_224_pixelbmp,ET
ET014012-3-001001combined_224_pixelbmp,ET
ET014012-4-001001combined_224_pixelbmp,ET
ET014012-5-001001combined_224_pixelbmp,ET
ET014024-1-001001combined_224_pixelbmp,ET
ET014024-2-001001combined_224_pixelbmp,ET
ET014024-3-001001combined_224_pixelbmp,ET
ET014024-4-001001combined_224_pixelbmp,ET
ET014024-5-001001combined_224_pixelbmp,ET
ET015001-1-001001combined_224_pixelbmp,ET
ET015001-2-001001combined_224_pixelbmp,ET
ET015001-3-001001combined_224_pixelbmp,ET
ET015001-4-001001combined_224_pixelbmp,ET
ET015001-5-001001combined_224_pixelbmp,ET
ET015012-1-001001combined_224_pixelbmp,ET
ET015012-2-001001combined_224_pixelbmp,ET
ET015012-3-001001combined_224_pixelbmp,ET
ET015012-4-001001combined_224_pixelbmp,ET
ET015012-5-001001combined_224_pixelbmp,ET
ET015024-1-001001combined_224_pixelbmp,ET
ET015024-2-001001combined_224_pixelbmp,ET
ET015024-3-001001combined_224_pixelbmp,ET
ET015024-4-001001combined_224_pixelbmp,ET
ET015024-5-001001combined_224_pixelbmp,ET
ET016001-1-001001combined_224_pixelbmp,ET
ET016001-2-001001combined_224_pixelbmp,ET
ET016001-3-001001combined_224_pixelbmp,ET
ET016001-4-001001combined_224_pixelbmp,ET
ET016001-5-001001combined_224_pixelbmp,ET
TT001002-1-001001combined_224_pixelbmp,TT
TT001002-2-001001combined_224_pixelbmp,TT
TT001002-3-001001combined_224_pixelbmp,TT
TT001002-4-001001combined_224_pixelbmp,TT
TT001002-5-001001combined_224_pixelbmp,TT
TT001004-1-001001combined_224_pixelbmp,TT
TT001004-2-001001combined_224_pixelbmp,TT
TT001004-3-001001combined_224_pixelbmp,TT
TT001004-4-001001combined_224_pixelbmp,TT
TT001004-5-001001combined_224_pixelbmp,TT
TT001006-1-001001combined_224_pixelbmp,TT
TT001006-2-001001combined_224_pixelbmp,TT
TT001006-3-001001combined_224_pixelbmp,TT
TT001006-4-001001combined_224_pixelbmp,TT
TT001006-5-001001combined_224_pixelbmp,TT
TT001008-1-001001combined_224_pixelbmp,TT
TT001008-2-001001combined_224_pixelbmp,TT
TT001008-3-001001combined_224_pixelbmp,TT
TT001008-4-001001combined_224_pixelbmp,TT
TT001008-5-001001combined_224_pixelbmp,TT
TT001010-1-001001combined_224_pixelbmp,TT
TT001010-2-001001combined_224_pixelbmp,TT
TT001010-3-001001combined_224_pixelbmp,TT
TT001010-4-001001combined_224_pixelbmp,TT
TT001010-5-001001combined_224_pixelbmp,TT
TT001012-1-001001combined_224_pixelbmp,TT
TT001012-2-001001combined_224_pixelbmp,TT
TT001012-3-001001combined_224_pixelbmp,TT
TT001012-4-001001combined_224_pixelbmp,TT
TT001012-5-001001combined_224_pixelbmp,TT
TT001014-1-001001combined_224_pixelbmp,TT
TT001014-2-001001combined_224_pixelbmp,TT
TT001014-3-001001combined_224_pixelbmp,TT
TT001014-4-001001combined_224_pixelbmp,TT
TT001014-5-001001combined_224_pixelbmp,TT
TT001016-1-001001combined_224_pixelbmp,TT
TT001016-2-001001combined_224_pixelbmp,TT
TT001016-3-001001combined_224_pixelbmp,TT
TT001016-4-001001combined_224_pixelbmp,TT
TT001016-5-001001combined_224_pixelbmp,TT
TT001018-1-001001combined_224_pixelbmp,TT
TT001018-2-001001combined_224_pixelbmp,TT
TT001018-3-001001combined_224_pixelbmp,TT
TT001018-4-001001combined_224_pixelbmp,TT
TT001018-5-001001combined_224_pixelbmp,TT
TT001020-1-001001combined_224_pixelbmp,TT
TT001020-2-001001combined_224_pixelbmp,TT
TT001020-3-001001combined_224_pixelbmp,TT
TT001020-4-001001combined_224_pixelbmp,TT
TT001020-5-001001combined_224_pixelbmp,TT
TT001022-1-001001combined_224_pixelbmp,TT
TT001022-2-001001combined_224_pixelbmp,TT
TT001022-3-001001combined_224_pixelbmp,TT
TT001022-4-001001combined_224_pixelbmp,TT
TT001022-5-001001combined_224_pixelbmp,TT
TT002002-1-001001combined_224_pixelbmp,TT
TT002002-2-001001combined_224_pixelbmp,TT
TT002002-3-001001combined_224_pixelbmp,TT
TT002002-4-001001combined_224_pixelbmp,TT
TT002002-5-001001combined_224_pixelbmp,TT
TT002004-1-001001combined_224_pixelbmp,TT
TT002004-2-001001combined_224_pixelbmp,TT
TT002004-3-001001combined_224_pixelbmp,TT
TT002004-4-001001combined_224_pixelbmp,TT
TT002004-5-001001combined_224_pixelbmp,TT
TT002006-1-001001combined_224_pixelbmp,TT
TT002006-2-001001combined_224_pixelbmp,TT
TT002006-3-001001combined_224_pixelbmp,TT
TT002006-4-001001combined_224_pixelbmp,TT
TT002006-5-001001combined_224_pixelbmp,TT
TT002008-1-001001combined_224_pixelbmp,TT
TT002008-2-001001combined_224_pixelbmp,TT
TT002008-3-001001combined_224_pixelbmp,TT
TT002008-4-001001combined_224_pixelbmp,TT
TT002008-5-001001combined_224_pixelbmp,TT
TT002010-1-001001combined_224_pixelbmp,TT
TT002010-2-001001combined_224_pixelbmp,TT
TT002010-3-001001combined_224_pixelbmp,TT
TT002010-4-001001combined_224_pixelbmp,TT
TT002010-5-001001combined_224_pixelbmp,TT
TT002012-1-001001combined_224_pixelbmp,TT
TT002012-2-001001combined_224_pixelbmp,TT
TT002012-3-001001combined_224_pixelbmp,TT
TT002012-4-001001combined_224_pixelbmp,TT
TT002012-5-001001combined_224_pixelbmp,TT
TT002014-1-001001combined_224_pixelbmp,TT
TT002014-2-001001combined_224_pixelbmp,TT
TT002014-3-001001combined_224_pixelbmp,TT
TT002014-4-001001combined_224_pixelbmp,TT
TT002014-5-001001combined_224_pixelbmp,TT
TT002016-1-001001combined_224_pixelbmp,TT
TT002016-2-001001combined_224_pixelbmp,TT
TT002016-3-001001combined_224_pixelbmp,TT
TT002016-4-001001combined_224_pixelbmp,TT
TT002016-5-001001combined_224_pixelbmp,TT
TT002018-1-001001combined_224_pixelbmp,TT
TT002018-2-001001combined_224_pixelbmp,TT
TT002018-3-001001combined_224_pixelbmp,TT
TT002018-4-001001combined_224_pixelbmp,TT
TT002018-5-001001combined_224_pixelbmp,TT
TT002020-1-001001combined_224_pixelbmp,TT
TT002020-2-001001combined_224_pixelbmp,TT
TT002020-3-001001combined_224_pixelbmp,TT
TT002020-4-001001combined_224_pixelbmp,TT
TT002020-5-001001combined_224_pixelbmp,TT
TT002022-1-001001combined_224_pixelbmp,TT
TT002022-2-001001combined_224_pixelbmp,TT
TT002022-3-001001combined_224_pixelbmp,TT
TT002022-4-001001combined_224_pixelbmp,TT
TT002022-5-001001combined_224_pixelbmp,TT
TT002024-1-001001combined_224_pixelbmp,TT
TT002024-2-001001combined_224_pixelbmp,TT
TT002024-3-001001combined_224_pixelbmp,TT
TT002024-4-001001combined_224_pixelbmp,TT
TT002024-5-001001combined_224_pixelbmp,TT
TT003002-1-001001combined_224_pixelbmp,TT
TT003002-2-001001combined_224_pixelbmp,TT
TT003002-3-001001combined_224_pixelbmp,TT
TT003002-4-001001combined_224_pixelbmp,TT
TT003002-5-001001combined_224_pixelbmp,TT
TT003004-1-001001combined_224_pixelbmp,TT
TT003004-2-001001combined_224_pixelbmp,TT
TT003004-3-001001combined_224_pixelbmp,TT
TT003004-4-001001combined_224_pixelbmp,TT
TT003004-5-001001combined_224_pixelbmp,TT
TT003006-1-001001combined_224_pixelbmp,TT
TT003006-2-001001combined_224_pixelbmp,TT
TT003006-3-001001combined_224_pixelbmp,TT
TT003006-4-001001combined_224_pixelbmp,TT
TT003006-5-001001combined_224_pixelbmp,TT
TT003008-1-001001combined_224_pixelbmp,TT
TT003008-2-001001combined_224_pixelbmp,TT
TT003008-3-001001combined_224_pixelbmp,TT
TT003008-4-001001combined_224_pixelbmp,TT
TT003008-5-001001combined_224_pixelbmp,TT
TT003010-1-001001combined_224_pixelbmp,TT
TT003010-2-001001combined_224_pixelbmp,TT
TT003010-3-001001combined_224_pixelbmp,TT
TT003010-4-001001combined_224_pixelbmp,TT
TT003010-5-001001combined_224_pixelbmp,TT
TT003012-1-001001combined_224_pixelbmp,TT
TT003012-2-001001combined_224_pixelbmp,TT
TT003012-3-001001combined_224_pixelbmp,TT
TT003012-4-001001combined_224_pixelbmp,TT
TT003012-5-001001combined_224_pixelbmp,TT
TT003014-1-001001combined_224_pixelbmp,TT
TT003014-2-001001combined_224_pixelbmp,TT
TT003014-3-001001combined_224_pixelbmp,TT
TT003014-4-001001combined_224_pixelbmp,TT
TT003014-5-001001combined_224_pixelbmp,TT
TT003016-1-001001combined_224_pixelbmp,TT
TT003016-2-001001combined_224_pixelbmp,TT
TT003016-3-001001combined_224_pixelbmp,TT
TT003016-4-001001combined_224_pixelbmp,TT
TT003016-5-001001combined_224_pixelbmp,TT
TT003018-1-001001combined_224_pixelbmp,TT
TT003018-2-001001combined_224_pixelbmp,TT
TT003018-3-001001combined_224_pixelbmp,TT
TT003018-4-001001combined_224_pixelbmp,TT
TT003018-5-001001combined_224_pixelbmp,TT
TT003020-1-001001combined_224_pixelbmp,TT
TT003020-2-001001combined_224_pixelbmp,TT
TT003020-3-001001combined_224_pixelbmp,TT
TT003020-4-001001combined_224_pixelbmp,TT
TT003020-5-001001combined_224_pixelbmp,TT
TT003022-1-001001combined_224_pixelbmp,TT
TT003022-2-001001combined_224_pixelbmp,TT
TT003022-3-001001combined_224_pixelbmp,TT
TT003022-4-001001combined_224_pixelbmp,TT
TT003022-5-001001combined_224_pixelbmp,TT
TT003024-1-001001combined_224_pixelbmp,TT
TT003024-2-001001combined_224_pixelbmp,TT
TT003024-3-001001combined_224_pixelbmp,TT
TT003024-4-001001combined_224_pixelbmp,TT
TT003024-5-001001combined_224_pixelbmp,TT
TT004002-1-001001combined_224_pixelbmp,TT
TT004002-2-001001combined_224_pixelbmp,TT
TT004002-3-001001combined_224_pixelbmp,TT
TT004002-4-001001combined_224_pixelbmp,TT
TT004002-5-001001combined_224_pixelbmp,TT
TT004004-1-001001combined_224_pixelbmp,TT
TT004004-2-001001combined_224_pixelbmp,TT
TT004004-3-001001combined_224_pixelbmp,TT
TT004004-4-001001combined_224_pixelbmp,TT
TT004004-5-001001combined_224_pixelbmp,TT
TT004006-1-001001combined_224_pixelbmp,TT
TT004006-2-001001combined_224_pixelbmp,TT
TT004006-3-001001combined_224_pixelbmp,TT
TT004006-4-001001combined_224_pixelbmp,TT
TT004006-5-001001combined_224_pixelbmp,TT
TT004008-1-001001combined_224_pixelbmp,TT
TT004008-2-001001combined_224_pixelbmp,TT
TT004008-3-001001combined_224_pixelbmp,TT
TT004008-4-001001combined_224_pixelbmp,TT
TT004008-5-001001combined_224_pixelbmp,TT
TT004010-1-001001combined_224_pixelbmp,TT
TT004010-2-001001combined_224_pixelbmp,TT
TT004010-3-001001combined_224_pixelbmp,TT
TT004010-4-001001combined_224_pixelbmp,TT
TT004010-5-001001combined_224_pixelbmp,TT
TT004012-1-001001combined_224_pixelbmp,TT
TT004012-2-001001combined_224_pixelbmp,TT
TT004012-3-001001combined_224_pixelbmp,TT
TT004012-4-001001combined_224_pixelbmp,TT
TT004012-5-001001combined_224_pixelbmp,TT
TT004014-1-001001combined_224_pixelbmp,TT
TT004014-2-001001combined_224_pixelbmp,TT
TT004014-3-001001combined_224_pixelbmp,TT
TT004014-4-001001combined_224_pixelbmp,TT
TT004014-5-001001combined_224_pixelbmp,TT
TT004016-1-001001combined_224_pixelbmp,TT
TT004016-2-001001combined_224_pixelbmp,TT
TT004016-3-001001combined_224_pixelbmp,TT
TT004016-4-001001combined_224_pixelbmp,TT
TT004016-5-001001combined_224_pixelbmp,TT
TT004018-1-001001combined_224_pixelbmp,TT
TT004018-2-001001combined_224_pixelbmp,TT
TT004018-3-001001combined_224_pixelbmp,TT
TT004018-4-001001combined_224_pixelbmp,TT
TT004018-5-001001combined_224_pixelbmp,TT
TT004020-1-001001combined_224_pixelbmp,TT
TT004020-2-001001combined_224_pixelbmp,TT
TT004020-3-001001combined_224_pixelbmp,TT
TT004020-4-001001combined_224_pixelbmp,TT
TT004020-5-001001combined_224_pixelbmp,TT
TT004022-1-001001combined_224_pixelbmp,TT
TT004022-2-001001combined_224_pixelbmp,TT
TT004022-3-001001combined_224_pixelbmp,TT
TT004022-4-001001combined_224_pixelbmp,TT
TT004022-5-001001combined_224_pixelbmp,TT
TT004024-1-001001combined_224_pixelbmp,TT
TT004024-2-001001combined_224_pixelbmp,TT
TT004024-3-001001combined_224_pixelbmp,TT
TT004024-4-001001combined_224_pixelbmp,TT
TT004024-5-001001combined_224_pixelbmp,TT
TT005002-1-001001combined_224_pixelbmp,TT
TT005002-2-001001combined_224_pixelbmp,TT
TT005002-3-001001combined_224_pixelbmp,TT
TT005002-4-001001combined_224_pixelbmp,TT
TT005002-5-001001combined_224_pixelbmp,TT
TT005004-1-001001combined_224_pixelbmp,TT
TT005004-2-001001combined_224_pixelbmp,TT
TT005004-3-001001combined_224_pixelbmp,TT
TT005004-4-001001combined_224_pixelbmp,TT
TT005004-5-001001combined_224_pixelbmp,TT
TT005006-1-001001combined_224_pixelbmp,TT
TT005006-2-001001combined_224_pixelbmp,TT
TT005006-3-001001combined_224_pixelbmp,TT
TT005006-4-001001combined_224_pixelbmp,TT
TT005006-5-001001combined_224_pixelbmp,TT
TT005008-1-001001combined_224_pixelbmp,TT
TT005008-2-001001combined_224_pixelbmp,TT
TT005008-3-001001combined_224_pixelbmp,TT
TT005008-4-001001combined_224_pixelbmp,TT
TT005008-5-001001combined_224_pixelbmp,TT
TT005010-1-001001combined_224_pixelbmp,TT
TT005010-2-001001combined_224_pixelbmp,TT
TT005010-3-001001combined_224_pixelbmp,TT
TT005010-4-001001combined_224_pixelbmp,TT
TT005010-5-001001combined_224_pixelbmp,TT
TT005012-1-001001combined_224_pixelbmp,TT
TT005012-2-001001combined_224_pixelbmp,TT
TT005012-3-001001combined_224_pixelbmp,TT
TT005012-4-001001combined_224_pixelbmp,TT
TT005012-5-001001combined_224_pixelbmp,TT
TT005014-1-001001combined_224_pixelbmp,TT
TT005014-2-001001combined_224_pixelbmp,TT
TT005014-3-001001combined_224_pixelbmp,TT
TT005014-4-001001combined_224_pixelbmp,TT
TT005014-5-001001combined_224_pixelbmp,TT
TT005016-1-001001combined_224_pixelbmp,TT
TT005016-2-001001combined_224_pixelbmp,TT
TT005016-3-001001combined_224_pixelbmp,TT
TT005016-4-001001combined_224_pixelbmp,TT
TT005016-5-001001combined_224_pixelbmp,TT
TT005018-1-001001combined_224_pixelbmp,TT
TT005018-2-001001combined_224_pixelbmp,TT
TT005018-3-001001combined_224_pixelbmp,TT
TT005018-4-001001combined_224_pixelbmp,TT
TT005018-5-001001combined_224_pixelbmp,TT
TT005020-1-001001combined_224_pixelbmp,TT
TT005020-2-001001combined_224_pixelbmp,TT
TT005020-3-001001combined_224_pixelbmp,TT
TT005020-4-001001combined_224_pixelbmp,TT
TT005020-5-001001combined_224_pixelbmp,TT
TT005022-1-001001combined_224_pixelbmp,TT
TT005022-2-001001combined_224_pixelbmp,TT
TT005022-3-001001combined_224_pixelbmp,TT
TT005022-4-001001combined_224_pixelbmp,TT
TT005022-5-001001combined_224_pixelbmp,TT
TT005024-1-001001combined_224_pixelbmp,TT
TT005024-2-001001combined_224_pixelbmp,TT
TT005024-3-001001combined_224_pixelbmp,TT
TT005024-4-001001combined_224_pixelbmp,TT
TT005024-5-001001combined_224_pixelbmp,TT
TT006002-1-001001combined_224_pixelbmp,TT
TT006002-2-001001combined_224_pixelbmp,TT
TT006002-3-001001combined_224_pixelbmp,TT
TT006002-4-001001combined_224_pixelbmp,TT
TT006002-5-001001combined_224_pixelbmp,TT
TT006004-1-001001combined_224_pixelbmp,TT
TT006004-2-001001combined_224_pixelbmp,TT
TT006004-3-001001combined_224_pixelbmp,TT
TT006004-4-001001combined_224_pixelbmp,TT
TT006004-5-001001combined_224_pixelbmp,TT
TT006006-1-001001combined_224_pixelbmp,TT
TT006006-2-001001combined_224_pixelbmp,TT
TT006006-3-001001combined_224_pixelbmp,TT
TT006006-4-001001combined_224_pixelbmp,TT
TT006006-5-001001combined_224_pixelbmp,TT
TT006008-1-001001combined_224_pixelbmp,TT
TT006008-2-001001combined_224_pixelbmp,TT
TT006008-3-001001combined_224_pixelbmp,TT
TT006008-4-001001combined_224_pixelbmp,TT
TT006008-5-001001combined_224_pixelbmp,TT
TT006010-1-001001combined_224_pixelbmp,TT
TT006010-2-001001combined_224_pixelbmp,TT
TT006010-3-001001combined_224_pixelbmp,TT
TT006010-4-001001combined_224_pixelbmp,TT
TT006010-5-001001combined_224_pixelbmp,TT
TT006012-1-001001combined_224_pixelbmp,TT
TT006012-2-001001combined_224_pixelbmp,TT
TT006012-3-001001combined_224_pixelbmp,TT
TT006012-4-001001combined_224_pixelbmp,TT
TT006012-5-001001combined_224_pixelbmp,TT
TT006014-1-001001combined_224_pixelbmp,TT
TT006014-2-001001combined_224_pixelbmp,TT
TT006014-3-001001combined_224_pixelbmp,TT
TT006014-4-001001combined_224_pixelbmp,TT
TT006014-5-001001combined_224_pixelbmp,TT
TT006016-1-001001combined_224_pixelbmp,TT
TT006016-2-001001combined_224_pixelbmp,TT
TT006016-3-001001combined_224_pixelbmp,TT
TT006016-4-001001combined_224_pixelbmp,TT
TT006016-5-001001combined_224_pixelbmp,TT
TT006018-1-001001combined_224_pixelbmp,TT
TT006018-2-001001combined_224_pixelbmp,TT
TT006018-3-001001combined_224_pixelbmp,TT
TT006018-4-001001combined_224_pixelbmp,TT
TT006018-5-001001combined_224_pixelbmp,TT
TT006020-1-001001combined_224_pixelbmp,TT
TT006020-2-001001combined_224_pixelbmp,TT
TT006020-3-001001combined_224_pixelbmp,TT
TT006020-4-001001combined_224_pixelbmp,TT
TT006020-5-001001combined_224_pixelbmp,TT
TT006022-1-001001combined_224_pixelbmp,TT
TT006022-2-001001combined_224_pixelbmp,TT
TT006022-3-001001combined_224_pixelbmp,TT
TT006022-4-001001combined_224_pixelbmp,TT
TT006022-5-001001combined_224_pixelbmp,TT
TT007002-1-001001combined_224_pixelbmp,TT
TT007002-2-001001combined_224_pixelbmp,TT
TT007002-3-001001combined_224_pixelbmp,TT
TT007002-4-001001combined_224_pixelbmp,TT
TT007002-5-001001combined_224_pixelbmp,TT
TT007004-1-001001combined_224_pixelbmp,TT
TT007004-2-001001combined_224_pixelbmp,TT
TT007004-3-001001combined_224_pixelbmp,TT
TT007004-4-001001combined_224_pixelbmp,TT
TT007004-5-001001combined_224_pixelbmp,TT
TT007006-1-001001combined_224_pixelbmp,TT
TT007006-2-001001combined_224_pixelbmp,TT
TT007006-3-001001combined_224_pixelbmp,TT
TT007006-4-001001combined_224_pixelbmp,TT
TT007006-5-001001combined_224_pixelbmp,TT
TT007008-1-001001combined_224_pixelbmp,TT
TT007008-2-001001combined_224_pixelbmp,TT
TT007008-3-001001combined_224_pixelbmp,TT
TT007008-4-001001combined_224_pixelbmp,TT
TT007008-5-001001combined_224_pixelbmp,TT
TT007010-1-001001combined_224_pixelbmp,TT
TT007010-2-001001combined_224_pixelbmp,TT
TT007010-3-001001combined_224_pixelbmp,TT
TT007010-4-001001combined_224_pixelbmp,TT
TT007010-5-001001combined_224_pixelbmp,TT
TT007012-1-001001combined_224_pixelbmp,TT
TT007012-2-001001combined_224_pixelbmp,TT
TT007012-3-001001combined_224_pixelbmp,TT
TT007012-4-001001combined_224_pixelbmp,TT
TT007012-5-001001combined_224_pixelbmp,TT
TT007014-1-001001combined_224_pixelbmp,TT
TT007014-2-001001combined_224_pixelbmp,TT
TT007014-3-001001combined_224_pixelbmp,TT
TT007014-4-001001combined_224_pixelbmp,TT
TT007014-5-001001combined_224_pixelbmp,TT
TT007016-1-001001combined_224_pixelbmp,TT
TT007016-2-001001combined_224_pixelbmp,TT
TT007016-3-001001combined_224_pixelbmp,TT
TT007016-4-001001combined_224_pixelbmp,TT
TT007016-5-001001combined_224_pixelbmp,TT
TT007018-1-001001combined_224_pixelbmp,TT
TT007018-2-001001combined_224_pixelbmp,TT
TT007018-3-001001combined_224_pixelbmp,TT
TT007018-4-001001combined_224_pixelbmp,TT
TT007018-5-001001combined_224_pixelbmp,TT
TT007020-1-001001combined_224_pixelbmp,TT
TT007020-2-001001combined_224_pixelbmp,TT
TT007020-3-001001combined_224_pixelbmp,TT
TT007020-4-001001combined_224_pixelbmp,TT
TT007020-5-001001combined_224_pixelbmp,TT
TT007022-1-001001combined_224_pixelbmp,TT
TT007022-2-001001combined_224_pixelbmp,TT
TT007022-3-001001combined_224_pixelbmp,TT
TT007022-4-001001combined_224_pixelbmp,TT
TT007022-5-001001combined_224_pixelbmp,TT
TT007024-1-001001combined_224_pixelbmp,TT
TT007024-2-001001combined_224_pixelbmp,TT
TT007024-3-001001combined_224_pixelbmp,TT
TT007024-4-001001combined_224_pixelbmp,TT
TT007024-5-001001combined_224_pixelbmp,TT
TT008002-1-001001combined_224_pixelbmp,TT
TT008002-2-001001combined_224_pixelbmp,TT
TT008002-3-001001combined_224_pixelbmp,TT
TT008002-4-001001combined_224_pixelbmp,TT
TT008002-5-001001combined_224_pixelbmp,TT
TT008004-1-001001combined_224_pixelbmp,TT
TT008004-2-001001combined_224_pixelbmp,TT
TT008004-3-001001combined_224_pixelbmp,TT
TT008004-4-001001combined_224_pixelbmp,TT
TT008004-5-001001combined_224_pixelbmp,TT
TT008006-1-001001combined_224_pixelbmp,TT
TT008006-2-001001combined_224_pixelbmp,TT
TT008006-3-001001combined_224_pixelbmp,TT
TT008006-4-001001combined_224_pixelbmp,TT
TT008006-5-001001combined_224_pixelbmp,TT
TT008008-1-001001combined_224_pixelbmp,TT
TT008008-2-001001combined_224_pixelbmp,TT
TT008008-3-001001combined_224_pixelbmp,TT
TT008008-4-001001combined_224_pixelbmp,TT
TT008008-5-001001combined_224_pixelbmp,TT
TT008010-1-001001combined_224_pixelbmp,TT
TT008010-2-001001combined_224_pixelbmp,TT
TT008010-3-001001combined_224_pixelbmp,TT
TT008010-4-001001combined_224_pixelbmp,TT
TT008010-5-001001combined_224_pixelbmp,TT
TT008012-1-001001combined_224_pixelbmp,TT
TT008012-2-001001combined_224_pixelbmp,TT
TT008012-3-001001combined_224_pixelbmp,TT
TT008012-4-001001combined_224_pixelbmp,TT
TT008012-5-001001combined_224_pixelbmp,TT
TT008014-1-001001combined_224_pixelbmp,TT
TT008014-2-001001combined_224_pixelbmp,TT
TT008014-3-001001combined_224_pixelbmp,TT
TT008014-4-001001combined_224_pixelbmp,TT
TT008014-5-001001combined_224_pixelbmp,TT
TT008016-1-001001combined_224_pixelbmp,TT
TT008016-2-001001combined_224_pixelbmp,TT
TT008016-3-001001combined_224_pixelbmp,TT
TT008016-4-001001combined_224_pixelbmp,TT
TT008016-5-001001combined_224_pixelbmp,TT
TT008018-1-001001combined_224_pixelbmp,TT
TT008018-2-001001combined_224_pixelbmp,TT
TT008018-3-001001combined_224_pixelbmp,TT
TT008018-4-001001combined_224_pixelbmp,TT
TT008018-5-001001combined_224_pixelbmp,TT
TT008020-1-001001combined_224_pixelbmp,TT
TT008020-2-001001combined_224_pixelbmp,TT
TT008020-3-001001combined_224_pixelbmp,TT
TT008020-4-001001combined_224_pixelbmp,TT
TT008020-5-001001combined_224_pixelbmp,TT
TT008022-1-001001combined_224_pixelbmp,TT
TT008022-2-001001combined_224_pixelbmp,TT
TT008022-3-001001combined_224_pixelbmp,TT
TT008022-4-001001combined_224_pixelbmp,TT
TT008022-5-001001combined_224_pixelbmp,TT
TT008024-1-001001combined_224_pixelbmp,TT
TT008024-2-001001combined_224_pixelbmp,TT
TT008024-3-001001combined_224_pixelbmp,TT
TT008024-4-001001combined_224_pixelbmp,TT
TT008024-5-001001combined_224_pixelbmp,TT
TT009002-1-001001combined_224_pixelbmp,TT
TT009002-2-001001combined_224_pixelbmp,TT
TT009002-3-001001combined_224_pixelbmp,TT
TT009002-4-001001combined_224_pixelbmp,TT
TT009002-5-001001combined_224_pixelbmp,TT
TT009004-1-001001combined_224_pixelbmp,TT
TT009004-2-001001combined_224_pixelbmp,TT
TT009004-3-001001combined_224_pixelbmp,TT
TT009004-4-001001combined_224_pixelbmp,TT
TT009004-5-001001combined_224_pixelbmp,TT
TT009006-1-001001combined_224_pixelbmp,TT
TT009006-2-001001combined_224_pixelbmp,TT
TT009006-3-001001combined_224_pixelbmp,TT
TT009006-4-001001combined_224_pixelbmp,TT
TT009006-5-001001combined_224_pixelbmp,TT
TT009008-1-001001combined_224_pixelbmp,TT
TT009008-2-001001combined_224_pixelbmp,TT
TT009008-3-001001combined_224_pixelbmp,TT
TT009008-4-001001combined_224_pixelbmp,TT
TT009008-5-001001combined_224_pixelbmp,TT
TT009010-1-001001combined_224_pixelbmp,TT
TT009010-2-001001combined_224_pixelbmp,TT
TT009010-3-001001combined_224_pixelbmp,TT
TT009010-4-001001combined_224_pixelbmp,TT
TT009010-5-001001combined_224_pixelbmp,TT
TT009014-1-001001combined_224_pixelbmp,TT
TT009014-2-001001combined_224_pixelbmp,TT
TT009014-3-001001combined_224_pixelbmp,TT
TT009014-4-001001combined_224_pixelbmp,TT
TT009014-5-001001combined_224_pixelbmp,TT
TT009016-1-001001combined_224_pixelbmp,TT
TT009016-2-001001combined_224_pixelbmp,TT
TT009016-3-001001combined_224_pixelbmp,TT
TT009016-4-001001combined_224_pixelbmp,TT
TT009016-5-001001combined_224_pixelbmp,TT
TT009018-1-001001combined_224_pixelbmp,TT
TT009018-2-001001combined_224_pixelbmp,TT
TT009018-3-001001combined_224_pixelbmp,TT
TT009018-4-001001combined_224_pixelbmp,TT
TT009018-5-001001combined_224_pixelbmp,TT
TT009020-1-001001combined_224_pixelbmp,TT
TT009020-2-001001combined_224_pixelbmp,TT
TT009020-3-001001combined_224_pixelbmp,TT
TT009020-4-001001combined_224_pixelbmp,TT
TT009020-5-001001combined_224_pixelbmp,TT
TT009022-1-001001combined_224_pixelbmp,TT
TT009022-2-001001combined_224_pixelbmp,TT
TT009022-3-001001combined_224_pixelbmp,TT
TT009022-4-001001combined_224_pixelbmp,TT
TT009022-5-001001combined_224_pixelbmp,TT
TT009024-1-001001combined_224_pixelbmp,TT
TT009024-2-001001combined_224_pixelbmp,TT
TT009024-3-001001combined_224_pixelbmp,TT
TT009024-4-001001combined_224_pixelbmp,TT
TT009024-5-001001combined_224_pixelbmp,TT
TT010002-1-001001combined_224_pixelbmp,TT
TT010002-2-001001combined_224_pixelbmp,TT
TT010002-3-001001combined_224_pixelbmp,TT
TT010002-4-001001combined_224_pixelbmp,TT
TT010002-5-001001combined_224_pixelbmp,TT
TT010004-1-001001combined_224_pixelbmp,TT
TT010004-2-001001combined_224_pixelbmp,TT
TT010004-3-001001combined_224_pixelbmp,TT
TT010004-4-001001combined_224_pixelbmp,TT
TT010004-5-001001combined_224_pixelbmp,TT
TT010006-1-001001combined_224_pixelbmp,TT
TT010006-2-001001combined_224_pixelbmp,TT
TT010006-3-001001combined_224_pixelbmp,TT
TT010006-4-001001combined_224_pixelbmp,TT
TT010006-5-001001combined_224_pixelbmp,TT
TT010008-1-001001combined_224_pixelbmp,TT
TT010008-2-001001combined_224_pixelbmp,TT
TT010008-3-001001combined_224_pixelbmp,TT
TT010008-4-001001combined_224_pixelbmp,TT
TT010008-5-001001combined_224_pixelbmp,TT
TT010010-1-001001combined_224_pixelbmp,TT
TT010010-2-001001combined_224_pixelbmp,TT
TT010010-3-001001combined_224_pixelbmp,TT
TT010010-4-001001combined_224_pixelbmp,TT
TT010010-5-001001combined_224_pixelbmp,TT
TT010012-1-001001combined_224_pixelbmp,TT
TT010012-2-001001combined_224_pixelbmp,TT
TT010012-3-001001combined_224_pixelbmp,TT
TT010012-4-001001combined_224_pixelbmp,TT
TT010012-5-001001combined_224_pixelbmp,TT
TT010014-1-001001combined_224_pixelbmp,TT
TT010014-2-001001combined_224_pixelbmp,TT
TT010014-3-001001combined_224_pixelbmp,TT
TT010014-4-001001combined_224_pixelbmp,TT
TT010014-5-001001combined_224_pixelbmp,TT
TT010016-1-001001combined_224_pixelbmp,TT
TT010016-2-001001combined_224_pixelbmp,TT
TT010016-3-001001combined_224_pixelbmp,TT
TT010016-4-001001combined_224_pixelbmp,TT
TT010016-5-001001combined_224_pixelbmp,TT
TT010018-1-001001combined_224_pixelbmp,TT
TT010018-2-001001combined_224_pixelbmp,TT
TT010018-3-001001combined_224_pixelbmp,TT
TT010018-4-001001combined_224_pixelbmp,TT
TT010018-5-001001combined_224_pixelbmp,TT
TT010020-1-001001combined_224_pixelbmp,TT
TT010020-2-001001combined_224_pixelbmp,TT
TT010020-3-001001combined_224_pixelbmp,TT
TT010020-4-001001combined_224_pixelbmp,TT
TT010020-5-001001combined_224_pixelbmp,TT
TT010022-1-001001combined_224_pixelbmp,TT
TT010022-2-001001combined_224_pixelbmp,TT
TT010022-3-001001combined_224_pixelbmp,TT
TT010022-4-001001combined_224_pixelbmp,TT
TT010022-5-001001combined_224_pixelbmp,TT
TT010024-1-001001combined_224_pixelbmp,TT
TT010024-2-001001combined_224_pixelbmp,TT
TT010024-3-001001combined_224_pixelbmp,TT
TT010024-4-001001combined_224_pixelbmp,TT
TT010024-5-001001combined_224_pixelbmp,TT
TT011002-1-001001combined_224_pixelbmp,TT
TT011002-2-001001combined_224_pixelbmp,TT
TT011002-3-001001combined_224_pixelbmp,TT
TT011002-4-001001combined_224_pixelbmp,TT
TT011002-5-001001combined_224_pixelbmp,TT
TT011004-1-001001combined_224_pixelbmp,TT
TT011004-2-001001combined_224_pixelbmp,TT
TT011004-3-001001combined_224_pixelbmp,TT
TT011004-4-001001combined_224_pixelbmp,TT
TT011004-5-001001combined_224_pixelbmp,TT
TT011006-1-001001combined_224_pixelbmp,TT
TT011006-2-001001combined_224_pixelbmp,TT
TT011006-3-001001combined_224_pixelbmp,TT
TT011006-4-001001combined_224_pixelbmp,TT
TT011006-5-001001combined_224_pixelbmp,TT
TT011008-1-001001combined_224_pixelbmp,TT
TT011008-2-001001combined_224_pixelbmp,TT
TT011008-3-001001combined_224_pixelbmp,TT
TT011008-4-001001combined_224_pixelbmp,TT
TT011008-5-001001combined_224_pixelbmp,TT
TT011010-1-001001combined_224_pixelbmp,TT
TT011010-2-001001combined_224_pixelbmp,TT
TT011010-3-001001combined_224_pixelbmp,TT
TT011010-4-001001combined_224_pixelbmp,TT
TT011010-5-001001combined_224_pixelbmp,TT
TT011012-1-001001combined_224_pixelbmp,TT
TT011012-2-001001combined_224_pixelbmp,TT
TT011012-3-001001combined_224_pixelbmp,TT
TT011012-4-001001combined_224_pixelbmp,TT
TT011012-5-001001combined_224_pixelbmp,TT
TT011014-1-001001combined_224_pixelbmp,TT
TT011014-2-001001combined_224_pixelbmp,TT
TT011014-3-001001combined_224_pixelbmp,TT
TT011014-4-001001combined_224_pixelbmp,TT
TT011014-5-001001combined_224_pixelbmp,TT
TT011016-1-001001combined_224_pixelbmp,TT
TT011016-2-001001combined_224_pixelbmp,TT
TT011016-3-001001combined_224_pixelbmp,TT
TT011016-4-001001combined_224_pixelbmp,TT
TT011016-5-001001combined_224_pixelbmp,TT
TT011018-1-001001combined_224_pixelbmp,TT
TT011018-2-001001combined_224_pixelbmp,TT
TT011018-3-001001combined_224_pixelbmp,TT
TT011018-4-001001combined_224_pixelbmp,TT
TT011018-5-001001combined_224_pixelbmp,TT
TT011020-1-001001combined_224_pixelbmp,TT
TT011020-2-001001combined_224_pixelbmp,TT
TT011020-3-001001combined_224_pixelbmp,TT
TT011020-4-001001combined_224_pixelbmp,TT
TT011020-5-001001combined_224_pixelbmp,TT
TT011022-1-001001combined_224_pixelbmp,TT
TT011022-2-001001combined_224_pixelbmp,TT
TT011022-3-001001combined_224_pixelbmp,TT
TT011022-4-001001combined_224_pixelbmp,TT
TT011022-5-001001combined_224_pixelbmp,TT
TT012002-1-001001combined_224_pixelbmp,TT
TT012002-2-001001combined_224_pixelbmp,TT
TT012002-3-001001combined_224_pixelbmp,TT
TT012002-4-001001combined_224_pixelbmp,TT
TT012002-5-001001combined_224_pixelbmp,TT
TT012004-1-001001combined_224_pixelbmp,TT
TT012004-2-001001combined_224_pixelbmp,TT
TT012004-3-001001combined_224_pixelbmp,TT
TT012004-4-001001combined_224_pixelbmp,TT
TT012004-5-001001combined_224_pixelbmp,TT
TT012006-1-001001combined_224_pixelbmp,TT
TT012006-2-001001combined_224_pixelbmp,TT
TT012006-3-001001combined_224_pixelbmp,TT
TT012006-4-001001combined_224_pixelbmp,TT
TT012006-5-001001combined_224_pixelbmp,TT
TT012008-1-001001combined_224_pixelbmp,TT
TT012008-2-001001combined_224_pixelbmp,TT
TT012008-3-001001combined_224_pixelbmp,TT
TT012008-4-001001combined_224_pixelbmp,TT
TT012008-5-001001combined_224_pixelbmp,TT
TT012010-1-001001combined_224_pixelbmp,TT
TT012010-2-001001combined_224_pixelbmp,TT
TT012010-3-001001combined_224_pixelbmp,TT
TT012010-4-001001combined_224_pixelbmp,TT
TT012010-5-001001combined_224_pixelbmp,TT
TT012012-1-001001combined_224_pixelbmp,TT
TT012012-2-001001combined_224_pixelbmp,TT
TT012012-3-001001combined_224_pixelbmp,TT
TT012012-4-001001combined_224_pixelbmp,TT
TT012012-5-001001combined_224_pixelbmp,TT
TT012014-1-001001combined_224_pixelbmp,TT
TT012014-2-001001combined_224_pixelbmp,TT
TT012014-3-001001combined_224_pixelbmp,TT
TT012014-4-001001combined_224_pixelbmp,TT
TT012014-5-001001combined_224_pixelbmp,TT
TT012016-1-001001combined_224_pixelbmp,TT
TT012016-2-001001combined_224_pixelbmp,TT
TT012016-3-001001combined_224_pixelbmp,TT
TT012016-4-001001combined_224_pixelbmp,TT
TT012016-5-001001combined_224_pixelbmp,TT
TT012018-1-001001combined_224_pixelbmp,TT
TT012018-2-001001combined_224_pixelbmp,TT
TT012018-3-001001combined_224_pixelbmp,TT
TT012018-4-001001combined_224_pixelbmp,TT
TT012018-5-001001combined_224_pixelbmp,TT
TT012020-1-001001combined_224_pixelbmp,TT
TT012020-2-001001combined_224_pixelbmp,TT
TT012020-3-001001combined_224_pixelbmp,TT
TT012020-4-001001combined_224_pixelbmp,TT
TT012020-5-001001combined_224_pixelbmp,TT
TT012022-1-001001combined_224_pixelbmp,TT
TT012022-2-001001combined_224_pixelbmp,TT
TT012022-3-001001combined_224_pixelbmp,TT
TT012022-4-001001combined_224_pixelbmp,TT
TT012022-5-001001combined_224_pixelbmp,TT
TT012024-1-001001combined_224_pixelbmp,TT
TT012024-2-001001combined_224_pixelbmp,TT
TT012024-3-001001combined_224_pixelbmp,TT
TT012024-4-001001combined_224_pixelbmp,TT
TT012024-5-001001combined_224_pixelbmp,TT
TT013002-1-001001combined_224_pixelbmp,TT
TT013002-2-001001combined_224_pixelbmp,TT
TT013002-3-001001combined_224_pixelbmp,TT
TT013002-4-001001combined_224_pixelbmp,TT
TT013002-5-001001combined_224_pixelbmp,TT
TT013004-1-001001combined_224_pixelbmp,TT
TT013004-2-001001combined_224_pixelbmp,TT
TT013004-3-001001combined_224_pixelbmp,TT
TT013004-4-001001combined_224_pixelbmp,TT
TT013004-5-001001combined_224_pixelbmp,TT
TT013006-1-001001combined_224_pixelbmp,TT
TT013006-2-001001combined_224_pixelbmp,TT
TT013006-3-001001combined_224_pixelbmp,TT
TT013006-4-001001combined_224_pixelbmp,TT
TT013006-5-001001combined_224_pixelbmp,TT
TT013008-1-001001combined_224_pixelbmp,TT
TT013008-2-001001combined_224_pixelbmp,TT
TT013008-3-001001combined_224_pixelbmp,TT
TT013008-4-001001combined_224_pixelbmp,TT
TT013008-5-001001combined_224_pixelbmp,TT
TT013010-1-001001combined_224_pixelbmp,TT
TT013010-2-001001combined_224_pixelbmp,TT
TT013010-3-001001combined_224_pixelbmp,TT
TT013010-4-001001combined_224_pixelbmp,TT
TT013010-5-001001combined_224_pixelbmp,TT
TT013012-1-001001combined_224_pixelbmp,TT
TT013012-2-001001combined_224_pixelbmp,TT
TT013012-3-001001combined_224_pixelbmp,TT
TT013012-4-001001combined_224_pixelbmp,TT
TT013012-5-001001combined_224_pixelbmp,TT
TT013014-1-001001combined_224_pixelbmp,TT
TT013014-2-001001combined_224_pixelbmp,TT
TT013014-3-001001combined_224_pixelbmp,TT
TT013014-4-001001combined_224_pixelbmp,TT
TT013014-5-001001combined_224_pixelbmp,TT
TT013016-1-001001combined_224_pixelbmp,TT
TT013016-2-001001combined_224_pixelbmp,TT
TT013016-3-001001combined_224_pixelbmp,TT
TT013016-4-001001combined_224_pixelbmp,TT
TT013016-5-001001combined_224_pixelbmp,TT
TT013018-1-001001combined_224_pixelbmp,TT
TT013018-2-001001combined_224_pixelbmp,TT
TT013018-3-001001combined_224_pixelbmp,TT
TT013018-4-001001combined_224_pixelbmp,TT
TT013018-5-001001combined_224_pixelbmp,TT
TT013020-1-001001combined_224_pixelbmp,TT
TT013020-2-001001combined_224_pixelbmp,TT
TT013020-3-001001combined_224_pixelbmp,TT
TT013020-4-001001combined_224_pixelbmp,TT
TT013020-5-001001combined_224_pixelbmp,TT
TT013022-1-001001combined_224_pixelbmp,TT
TT013022-2-001001combined_224_pixelbmp,TT
TT013022-3-001001combined_224_pixelbmp,TT
TT013022-4-001001combined_224_pixelbmp,TT
TT013022-5-001001combined_224_pixelbmp,TT
TT013024-1-001001combined_224_pixelbmp,TT
TT013024-2-001001combined_224_pixelbmp,TT
TT013024-3-001001combined_224_pixelbmp,TT
TT013024-4-001001combined_224_pixelbmp,TT
TT013024-5-001001combined_224_pixelbmp,TT
TT014002-1-001001combined_224_pixelbmp,TT
TT014002-2-001001combined_224_pixelbmp,TT
TT014002-3-001001combined_224_pixelbmp,TT
TT014002-4-001001combined_224_pixelbmp,TT
TT014002-5-001001combined_224_pixelbmp,TT
TT014004-1-001001combined_224_pixelbmp,TT
TT014004-2-001001combined_224_pixelbmp,TT
TT014004-3-001001combined_224_pixelbmp,TT
TT014004-4-001001combined_224_pixelbmp,TT
TT014004-5-001001combined_224_pixelbmp,TT
TT014006-1-001001combined_224_pixelbmp,TT
TT014006-2-001001combined_224_pixelbmp,TT
TT014006-3-001001combined_224_pixelbmp,TT
TT014006-4-001001combined_224_pixelbmp,TT
TT014006-5-001001combined_224_pixelbmp,TT
TT014008-1-001001combined_224_pixelbmp,TT
TT014008-2-001001combined_224_pixelbmp,TT
TT014008-3-001001combined_224_pixelbmp,TT
TT014008-4-001001combined_224_pixelbmp,TT
TT014008-5-001001combined_224_pixelbmp,TT
TT014010-1-001001combined_224_pixelbmp,TT
TT014010-2-001001combined_224_pixelbmp,TT
TT014010-3-001001combined_224_pixelbmp,TT
TT014010-4-001001combined_224_pixelbmp,TT
TT014010-5-001001combined_224_pixelbmp,TT
TT014014-1-001001combined_224_pixelbmp,TT
TT014014-2-001001combined_224_pixelbmp,TT
TT014014-3-001001combined_224_pixelbmp,TT
TT014014-4-001001combined_224_pixelbmp,TT
TT014014-5-001001combined_224_pixelbmp,TT
TT014016-1-001001combined_224_pixelbmp,TT
TT014016-2-001001combined_224_pixelbmp,TT
TT014016-3-001001combined_224_pixelbmp,TT
TT014016-4-001001combined_224_pixelbmp,TT
TT014016-5-001001combined_224_pixelbmp,TT
TT014018-1-001001combined_224_pixelbmp,TT
TT014018-2-001001combined_224_pixelbmp,TT
TT014018-3-001001combined_224_pixelbmp,TT
TT014018-4-001001combined_224_pixelbmp,TT
TT014018-5-001001combined_224_pixelbmp,TT
TT014020-1-001001combined_224_pixelbmp,TT
TT014020-2-001001combined_224_pixelbmp,TT
TT014020-3-001001combined_224_pixelbmp,TT
TT014020-4-001001combined_224_pixelbmp,TT
TT014020-5-001001combined_224_pixelbmp,TT
TT014022-1-001001combined_224_pixelbmp,TT
TT014022-2-001001combined_224_pixelbmp,TT
TT014022-3-001001combined_224_pixelbmp,TT
TT014022-4-001001combined_224_pixelbmp,TT
TT014022-5-001001combined_224_pixelbmp,TT
TT015002-1-001001combined_224_pixelbmp,TT
TT015002-2-001001combined_224_pixelbmp,TT
TT015002-3-001001combined_224_pixelbmp,TT
TT015002-4-001001combined_224_pixelbmp,TT
TT015002-5-001001combined_224_pixelbmp,TT
TT015004-1-001001combined_224_pixelbmp,TT
TT015004-2-001001combined_224_pixelbmp,TT
TT015004-3-001001combined_224_pixelbmp,TT
TT015004-4-001001combined_224_pixelbmp,TT
TT015004-5-001001combined_224_pixelbmp,TT
TT015006-1-001001combined_224_pixelbmp,TT
TT015006-2-001001combined_224_pixelbmp,TT
TT015006-3-001001combined_224_pixelbmp,TT
TT015006-4-001001combined_224_pixelbmp,TT
TT015006-5-001001combined_224_pixelbmp,TT
TT015008-1-001001combined_224_pixelbmp,TT
TT015008-2-001001combined_224_pixelbmp,TT
TT015008-3-001001combined_224_pixelbmp,TT
TT015008-4-001001combined_224_pixelbmp,TT
TT015008-5-001001combined_224_pixelbmp,TT
TT015010-1-001001combined_224_pixelbmp,TT
TT015010-2-001001combined_224_pixelbmp,TT
TT015010-3-001001combined_224_pixelbmp,TT
TT015010-4-001001combined_224_pixelbmp,TT
TT015010-5-001001combined_224_pixelbmp,TT
TT015014-1-001001combined_224_pixelbmp,TT
TT015014-2-001001combined_224_pixelbmp,TT
TT015014-3-001001combined_224_pixelbmp,TT
TT015014-4-001001combined_224_pixelbmp,TT
TT015014-5-001001combined_224_pixelbmp,TT
TT015016-1-001001combined_224_pixelbmp,TT
TT015016-2-001001combined_224_pixelbmp,TT
TT015016-3-001001combined_224_pixelbmp,TT
TT015016-4-001001combined_224_pixelbmp,TT
TT015016-5-001001combined_224_pixelbmp,TT
TT015018-1-001001combined_224_pixelbmp,TT
TT015018-2-001001combined_224_pixelbmp,TT
TT015018-3-001001combined_224_pixelbmp,TT
TT015018-4-001001combined_224_pixelbmp,TT
TT015018-5-001001combined_224_pixelbmp,TT
TT015020-1-001001combined_224_pixelbmp,TT
TT015020-2-001001combined_224_pixelbmp,TT
TT015020-3-001001combined_224_pixelbmp,TT
TT015020-4-001001combined_224_pixelbmp,TT
TT015020-5-001001combined_224_pixelbmp,TT
TT015022-1-001001combined_224_pixelbmp,TT
TT015022-2-001001combined_224_pixelbmp,TT
TT015022-3-001001combined_224_pixelbmp,TT
TT015022-4-001001combined_224_pixelbmp,TT
TT015022-5-001001combined_224_pixelbmp,TT
TT016002-1-001001combined_224_pixelbmp,TT
TT016002-2-001001combined_224_pixelbmp,TT
TT016002-3-001001combined_224_pixelbmp,TT
TT016002-4-001001combined_224_pixelbmp,TT
TT016002-5-001001combined_224_pixelbmp,TT
TT016004-1-001001combined_224_pixelbmp,TT
TT016004-2-001001combined_224_pixelbmp,TT
TT016004-3-001001combined_224_pixelbmp,TT
TT016004-4-001001combined_224_pixelbmp,TT
TT016004-5-001001combined_224_pixelbmp,TT
TT016006-1-001001combined_224_pixelbmp,TT
TT016006-2-001001combined_224_pixelbmp,TT
TT016006-3-001001combined_224_pixelbmp,TT
TT016006-4-001001combined_224_pixelbmp,TT
TT016006-5-001001combined_224_pixelbmp,TT
TT016008-1-001001combined_224_pixelbmp,TT
TT016008-2-001001combined_224_pixelbmp,TT
TT016008-3-001001combined_224_pixelbmp,TT
TT016008-4-001001combined_224_pixelbmp,TT
TT016008-5-001001combined_224_pixelbmp,TT
TT016010-1-001001combined_224_pixelbmp,TT
TT016010-2-001001combined_224_pixelbmp,TT
TT016010-3-001001combined_224_pixelbmp,TT
TT016010-4-001001combined_224_pixelbmp,TT
TT016010-5-001001combined_224_pixelbmp,TT
TT016012-1-001001combined_224_pixelbmp,TT
TT016012-2-001001combined_224_pixelbmp,TT
TT016012-3-001001combined_224_pixelbmp,TT
TT016012-4-001001combined_224_pixelbmp,TT
TT016012-5-001001combined_224_pixelbmp,TT
TT016014-1-001001combined_224_pixelbmp,TT
TT016014-2-001001combined_224_pixelbmp,TT
TT016014-3-001001combined_224_pixelbmp,TT
TT016014-4-001001combined_224_pixelbmp,TT
TT016014-5-001001combined_224_pixelbmp,TT
TT016016-1-001001combined_224_pixelbmp,TT
TT016016-2-001001combined_224_pixelbmp,TT
TT016016-3-001001combined_224_pixelbmp,TT
TT016016-4-001001combined_224_pixelbmp,TT
TT016016-5-001001combined_224_pixelbmp,TT
TT016018-1-001001combined_224_pixelbmp,TT
TT016018-2-001001combined_224_pixelbmp,TT
TT016018-3-001001combined_224_pixelbmp,TT
TT016018-4-001001combined_224_pixelbmp,TT
TT016018-5-001001combined_224_pixelbmp,TT
TT016020-1-001001combined_224_pixelbmp,TT
TT016020-2-001001combined_224_pixelbmp,TT
TT016020-3-001001combined_224_pixelbmp,TT
TT016020-4-001001combined_224_pixelbmp,TT
TT016020-5-001001combined_224_pixelbmp,TT
TT016022-1-001001combined_224_pixelbmp,TT
TT016022-2-001001combined_224_pixelbmp,TT
TT016022-3-001001combined_224_pixelbmp,TT
TT016022-4-001001combined_224_pixelbmp,TT
TT016022-5-001001combined_224_pixelbmp,TT
TT016024-1-001001combined_224_pixelbmp,TT
TT016024-2-001001combined_224_pixelbmp,TT
TT016024-3-001001combined_224_pixelbmp,TT
TT016024-4-001001combined_224_pixelbmp,TT
TT016024-5-001001combined_224_pixelbmp,TT
